V1,V2,V3,V4,V5,V6,V7,V8,V9,V10,V11,V12,V13,V14,V15,V16,V17,V18,V19,V20,V21,V22,V23,V24,V25,V26,V27,V28,V29,V30,V31,V32,V33,V34,V35,V36,V37,V38
0.187621075207441,0.101505094450524,0.0774943971760766,0.0542297441012109,0.0485903095164325,0.0413752621690275,0.0526305802369362,0.031219375426461,0.0242964741462428,0.0316663671757189,0.0282709677244715,0.0284825217221109,0.0111467170287346,0.0226145851583547,0.00680426691415,0.0168879283147324,0.0105385682921811,0.0185380976471093,0.0171166509514688,0.0209691263899813,0.00601396250241326,-0.0122690461926832,-0.0160305115086257,-0.00940607182372971,-0.0258232971364043,-0.0275977393775397,-0.0251051006196875,-0.00578316196278566,-0.00566612608038622,0.00743049689920679,0.00831053406425446,-0.00266529744732968,-0.00828596659329882,-0.00662221926581903,0.0130345946469915,0.00705425868029889,0.0160754003109793,0.014647101416723
0.194454237024789,0.101920453379271,0.0765678051241896,0.0434104171060468,0.0190479762137654,-0.00977520159397223,0.00114804173596542,0.00187933993058019,0.0189767701541941,0.0216084808854163,0.0162474276779862,0.0160489540473889,0.0102715416776734,-0.0135159268874209,-0.00504678998855539,-0.0135332122191274,-0.0215194018750172,-0.0136680004581639,-0.0225797981066902,-0.0194500944453717,-0.0251552476764023,-0.0213179050206695,-0.0216130519726215,-0.0159366438354731,-0.00544766291660362,0.0116572332946268,-0.00292718123901671,-0.00420583954245593,-0.0046363860217262,0.0209742782512589,0.0152087535611039,0.0239286245499093,-0.0167145318249073,-0.00404090108415396,0.00571245035488128,0.0179739444130037,0.000546470067411557,-0.00270111119654837
0.203258125710355,0.0848204043396008,0.0637495953878789,0.0405685940936958,0.0232169455678927,0.00905290628148357,0.00228103458912072,0.0110313033239093,0.0121243221664662,0.0234507447190559,0.0386785654876424,0.0127536377565064,-0.0189789940366181,-0.0102704615532903,-0.000439475609602044,0.0301614764175036,0.00210440619417927,0.00124469994248805,-0.00932262858965469,-0.0264596325117313,-0.00204945348522225,0.00132169452986287,0.00895605056855944,0.0195124510956277,0.0177971697434737,0.0042175708766324,-0.00640331433165903,-0.0181184618437072,0.000186539777323036,-0.00311832973415707,-0.00756271486815533,0.0163907954519957,0.0216826145829128,0.0146459470129816,0.0245550479427721,0.0228111494136748,0.0121259653123983,0.0176350444948366
0.191446406079083,0.106044875677267,0.0647317427165686,0.0603631367646718,0.0490626140297207,0.0393793999004343,0.0414826872004843,0.0414681244415906,0.0408282365276116,0.038456993566188,0.0354023046409528,0.0360708345294385,0.0365403284427327,0.0364147644169108,0.0380849481004793,0.0323243785568624,0.0256399394836489,0.0230948959680626,0.0260637796088513,0.0241202086460503,0.0230507479397752,0.0221989630208352,0.0146717308403165,0.0290158679564208,0.0290625434846575,0.0363532130388206,0.0353597067257686,0.0339290290243822,0.0380683705516834,0.0252068226296606,0.0209470943403442,0.0305146952435996,0.0351666301609393,0.0246540404116028,0.0177580799867806,0.0191547815141948,0.023636424552034,0.0272571954765702
0.208558078449476,0.11403789430416,0.0887472177866365,0.0790770034944902,0.0648158246969711,0.0597757842229405,0.0448537341342437,0.0492452129503883,0.041362037693591,0.0400776700565569,0.032757289438879,0.0273891532670156,0.0222998286218497,0.0196224130783091,0.0217427884956357,0.0173967338071293,0.0019691913099246,-0.00345355394202083,-0.0185408790665828,-0.00503187028896906,-0.00263952010012503,-0.0131547056550722,-0.0234308481653549,-0.0178740035010385,-0.00790484882518047,-0.0165706471807177,-0.0110792613324626,0.000847820862387505,-0.0279415532692967,-0.0198879267420976,0.00734633369648495,-0.00880147963548368,-0.00380332547283884,-0.00568512420360438,-0.00396976604757182,0.00398768781006235,0.0142803061655071,0.00197458804937662
0.186001778632719,0.109812659710309,0.0605466072044097,0.0497344285627665,0.0419445574992271,0.0379069610183159,0.0375124701835037,0.0374803644070331,0.043204551432263,0.0211192827603697,0.0267153619287417,0.00886295299614699,-0.0058087502899163,-0.0206626106400931,-0.0327837814002355,-0.0402277387276308,-0.042751208534688,-0.0336254572095489,-0.0404548914089959,-0.0393334013018638,-0.0310752981828401,-0.0215172712631045,-0.0197520880051154,-0.00534419967994126,-4.95310094643464e-05,0.0139008056597556,0.025302217077567,0.0356193930776239,0.018763842480762,0.037391951246929,0.0162722134271203,0.0056682415290182,0.00699330079708144,0.00586315367694442,-0.0110474923924468,-0.00706880113501844,-0.0230851960978635,-0.0179589215429056
0.2014034252043,0.105967600785545,0.0538987908135293,0.0393047317501924,0.0323040834766962,0.0148492257475268,0.00995728193691256,0.0215499933521779,0.0261866789307271,0.0266543816552672,0.0136002169400471,0.0171650558530086,0.00962884831256595,0.00229139218268573,-0.00360933315265268,0.00583900106516221,-0.0028158023848365,0.000498710881618543,-0.00771308682830216,-0.00847050254314126,0.0163461498079889,0.0141455598218794,-0.00307658569248965,-0.00434478642262239,0.00218376731285691,0.00408103441993639,-0.0118898745553076,-0.0142119667486255,-0.00464974570158927,-0.00458500962141615,0.00500224512774617,0.00436034340981659,0.0124834051307564,0.005049328197229,-0.00908352427314613,-0.0248177009755372,-0.010192684702845,-0.0267690244014866
0.191643145606076,0.11222758237881,0.0707695740755271,0.0452849840370204,0.0508984553022291,0.0315397131312835,0.0269831917089609,0.015010805407099,-0.0113665128336714,-0.00174114183285028,0.00229813297224716,0.00859978791312207,0.0112684969099902,0.030033183555435,0.0292674255395465,0.00807014929695887,-0.00621117234074541,0.00313319821129316,-0.00465919454284739,-0.0296957018556928,-0.0305597681831531,-0.0134720580006483,0.00825431155321076,0.0157444335308532,0.0266623296380739,0.0124231454542874,0.0179981735769039,0.00769233216657225,0.0106258800044007,0.0204235862326169,0.00168383032148993,0.0205278076267945,0.0299623344231449,0.0237062577098133,-0.00104178355550762,0.0148709242819115,0.0102524276746802,-0.00335336822747818
0.179958663711637,0.103307800469956,0.0591512389280182,0.0363212130693378,0.0291104841166152,0.0263788887795084,0.023702158731817,0.0213854456234502,0.0152144144821221,0.0256593628505501,0.0289835077081177,0.0219671280305014,0.0132937166760298,-0.000498049205612827,-0.0116811183258418,-0.00304947737405876,0.00327592941202134,-0.0204012468283827,-0.00186337910427847,-0.0138789252040271,-0.0116183454690529,-0.00882421829388594,-0.0141663432237792,-0.0237176209844389,-0.0184933273220345,-0.0207223105464517,-0.00489516200315498,-0.0126009036645118,-0.00490137705465588,0.0202192215065249,0.022207097140158,0.0180140946022203,0.00284580227782581,0.0046792121475069,-0.00137826274090329,-0.0073869782004611,-0.00915848662348598,-0.000535126535315092
0.193725834451884,0.0957567592389097,0.067271684551218,0.0595199131368575,0.054631171295717,0.0205591921516891,0.00474874848355797,0.0140749410881556,0.00358248786207086,0.00353831266946623,0.00150386262714297,-0.00246425513277248,-0.000386374236046302,-0.0145595339359968,-0.0168156228118822,-0.0109546482905653,-0.0163271491550912,-0.00553934855924457,-0.00664511048897085,0.000147983582583765,-0.00951813554333011,-0.0092517544847873,0.00218279894343943,0.0140834259222069,0.0286473260709933,-0.00329996231291731,-0.0045224393486076,-0.00578639512511224,-0.000496699616023349,-0.00780375203334055,-0.0134327490941906,-0.0281221523179885,-0.0193080549848165,-0.0306099032700831,-0.0146616454879258,-0.0280577533948867,0.00849752944254314,0.0184278978987794
0.214521691439174,0.102636596788417,0.0840396415001038,0.0663769961655398,0.0431923746360129,0.0422239653682437,0.046102205388802,0.0293619453220728,0.0114307330521409,0.0040949347550477,0.00175104584831749,-0.00276505777720042,0.0161422239016253,0.00366772418671406,-0.00092336799631633,0.00444804726789306,0.00496732703590945,0.00403660365023507,0.00620805991737892,0.0159556181864551,0.00867768930704402,0.0259374592973449,0.0155113692787058,0.00650746648991352,0.0197881348928131,0.0189568479545407,0.0125319376195424,0.0321625145573832,0.025025915904368,0.0126610015699209,0.0156922390480904,0.00422692934501639,0.0210758839974205,0.00588376278603364,-0.00111497397149439,0.00140880677478551,0.00451258192010131,0.0129817969242596
0.199392835977765,0.0964321145009003,0.053466182435503,0.0505044966701073,0.0391413413490277,0.0333460805671727,0.038437712385516,0.0403936296769841,0.0365393562799953,0.0247316445528944,0.0174993149310538,0.0163506195897942,0.0146739317978173,0.0215909107911318,0.00398974763582947,-0.00766397344655985,-0.00352130903009984,-0.00797562366309567,-0.0225501235241906,-0.0255644869693962,-0.0253567405605646,-0.0220386232507064,-0.0227618655258459,-0.0228669854578966,-0.0066114768194824,-0.0176267160817443,-0.0161831548386787,-0.028254632995622,-0.0107616290345011,-0.0113583837384613,-0.0198885034052948,-0.0163581356237767,-0.00891272051194755,-0.000880758273494368,0.00977581421910706,0.000758089074384816,0.0145232606225571,-0.0114930618162847
0.18935999606963,0.103738279664723,0.074142291606358,0.054940924766687,0.0271724536607017,0.0240636312439414,0.0295349698986155,0.0299560690724689,0.0283226256935587,0.0113621625235651,0.0070670977366819,-0.0145281730512018,0.00718727549058319,0.00842620760559284,-0.00587650339041973,-0.0239692702514257,-0.0115744398128164,-0.00651317316968792,-0.00163373273136179,0.00128141887839512,0.0158519935298747,0.0116754156042855,0.0208082655903366,0.00387402839213598,0.00815655440821472,0.00269086320139073,0.0101985788323842,0.0363871936067841,0.0468039334398741,0.0396794612180954,0.0410150912972886,0.023450621229045,0.00267751621425271,0.0145564441784394,-0.0197322412056705,-0.0272821361646765,0.00934629475506325,0.0105568296697144
0.20020477458448,0.0934830780101618,0.0690382463562655,0.0671996944234306,0.0477487849118094,0.0281779363013392,0.000233999780958416,-0.0126539435890706,-0.00322129310435194,-0.00887819519484861,-0.00451136353211258,-0.000108379347876985,0.0129755074284041,0.013617208184613,0.0164588438239379,0.00664718625705748,0.00999995602719675,-0.00781880820901907,0.00301161754587164,-0.0185607051672454,-0.0172479335952424,-0.02947844179846,-0.0150243588887461,-0.000440913403452586,0.00999136611093386,0.00791968790505229,0.0218688057065883,-0.000453620110321432,-0.0165247506078599,0.0152281984854878,-0.016735092398429,0.00809392760664906,0.00619615405765252,0.0174131840400175,-0.00708298425178456,0.0164313863211616,-0.0313035820431508,0.0113899353075787
0.206501459802089,0.121625967668704,0.0765904046331811,0.0418178751544644,0.0323111804693163,0.0301905639752123,0.0320756827822225,0.0359568823110453,0.0288775134996367,0.021217691453736,0.0180826083268648,0.0257474833833656,0.0359362445905007,0.02516376847912,0.0188319664033061,0.018895672965932,0.0142417702174627,0.00393247310778983,0.00349692651091138,0.00356347110650622,-0.00897460501148481,-0.00768111552645389,-0.00486631223174279,-0.0102202386759007,-0.0010837399392029,-0.00642898571646896,-0.00719043102077744,-0.00150805197904111,-0.00828533072405135,-0.00881535690698555,-0.00188500698947025,-0.0144620892126899,-0.031646463203216,-0.0155835610229037,0.0072603726578599,0.0216071941830269,0.0277687353886214,0.0217066679225377
0.199583869210299,0.105144900561354,0.0576364908471016,0.0502488698586346,0.0476432525746792,0.0482163509610669,0.0328343483137474,0.0352813495589432,0.0213571610514462,0.0136421727711898,0.00501499312800769,0.00579717890283597,0.00713784969469816,0.0138111374287495,0.00805642490885501,0.0262553063435295,0.0148820141853528,0.0187134785387941,0.00637385954909592,0.00620820273473226,0.00783816496807708,0.0123764512919322,0.0135275259455432,0.000659512219981908,-0.0143583893926162,-0.00215340134977355,-0.00650756724372773,-0.0248714053451374,0.00442516385490243,-0.00195086874680121,0.01501421328795,0.029774549115924,-0.0132369307642825,-0.0128822785230361,0.0177621459902484,0.00442923672057116,-0.00523953141886254,-0.00402651934863956
0.200561096915377,0.116652091555999,0.090932619254583,0.0539249008389094,0.0520620158845546,0.0361864842495984,0.0410719526164099,0.0421452523324211,0.0330789818262506,0.0252184152495492,0.0217018401824511,0.0149861207817032,0.0145810749796405,0.0165208607220583,0.0141611194581052,0.0264871868680432,0.0230796334522923,0.0114456276500771,0.00507814580480624,-0.000799202111318173,0.000855731591426908,0.00085548344117176,-0.00621172296538741,-0.00382888885231351,-0.0077476201288548,-0.00446242634627279,-0.00872009392080944,-0.0248717668990907,-0.0248081908461628,-0.0233616591276472,-0.00459903142311239,-0.00685730078401479,0.00175457150296989,-0.0056990589236066,-0.0212396488833684,-0.00841624369173399,-0.0143188321912556,-0.00296954696019757
0.214246380243138,0.0977392237883455,0.0661967186395547,0.0408863804310707,0.0322024863592615,0.0358923703945777,0.0250082079726507,0.0289411860849964,0.00560942516600667,0.00302477467325037,0.0134273718347176,0.00699284903001735,0.0117790407033892,0.00983933661665577,0.00838460005049845,-0.00688697230131862,-0.0138179058779679,-0.0223039434332417,-0.0201385146443391,-0.0128408492422361,-0.0212054696919277,-0.0245396762371303,-0.0302232079696442,-0.0188013376417657,0.00373264968072187,-0.0174319783315951,-0.00743531263605676,-0.00664391331346049,-0.0158527352978488,-0.0100503462678367,-0.00906235736638162,-0.0120856888780808,-0.0215735842957448,-0.031610599997391,-0.00844751050405454,-0.0140762776279689,-0.0146474281591187,0.00717992790701181
0.20856348077665,0.105759834661589,0.0836284466203548,0.0465154427316202,0.0236632654294152,0.0159336192309616,0.0197060476576578,0.0177650002545819,0.0258841112767305,0.0316627258528204,0.0170789724723543,-0.000327007795772278,0.0129824025167345,0.0203805417070594,0.0257272921791166,0.0445713810442137,0.0354560993741626,0.0236316879493763,0.0249376068167727,0.00712523358265661,0.0126550668132346,0.0266356886665039,0.031717581241306,0.0310080662048672,0.0330508225199652,0.0305887084689925,0.0202114719096248,-0.00598841472554112,-0.0153622430765419,0.00959322633395191,-0.0164819402548795,-0.00428411997030761,0.0165836645526298,0.00424567424408018,-0.0380920006663492,-0.00179909879846521,0.0200125198485574,-0.0279125947321926
0.183931248371555,0.0662165567390517,0.0565623703919179,0.0573005537220159,0.0370289906985536,0.020424655366346,-0.0068827434132907,0.00101214319207533,0.000684896806155516,-0.0116487135674141,0.0202488011567702,0.00671853085074091,0.0107056427528737,0.020423983771159,0.00291312331442168,0.012565795878272,-0.00804409788801836,-0.00504663007004463,-0.0316535245040617,-0.00344137194253514,-0.0243942141431286,-0.021118144734101,0.00674388398433384,-0.0167053513968383,-0.00227847553160261,-0.00346856818855671,-0.00738340949268804,0.0136499719355308,-0.00483873362411346,0.0276897142817185,0.00639937613555152,0.0147575248225483,6.52595434590484e-05,0.00396361301652905,0.0165253659959327,-0.0213442404109677,0.00571250613192112,0.00182928103930501
0.200794720433582,0.102800030455023,0.0815848072073785,0.0613354378221682,0.0452585904443572,0.0488043375887264,0.030712254428972,0.0197563812337271,0.00144766769095333,-0.00426154034452358,-0.00486411221872066,-0.00625430251733232,-0.00182355056902597,0.00263108576913167,0.0157171685265497,0.0217152422200192,0.0221061293351355,0.0313338318628098,0.0220803248702031,0.0221249375432932,0.0161472749491414,0.0198670840172383,0.00317551693898383,-0.0126009735961348,-0.00837340727745784,-0.00682991785372743,-0.00709641010040256,-0.0124488515150067,-0.00883037515098528,0.00155332182512042,0.013598279131628,0.0169604826201603,0.00261036034642506,0.0163640629781936,0.00445922649322286,-0.00257340490237075,-0.00637120220815208,0.00738819757595319
0.191631002468915,0.10151434288805,0.0800892307813388,0.0686751706089136,0.0553492472255213,0.0468133495749372,0.0433832096777897,0.034532662445191,0.0266799557010387,0.0168630726944372,-0.00619914140327717,-0.0146446465639732,-0.0106154657985095,-0.0166793661042697,-0.0020847669650582,0.0138318536691258,0.017224727711667,0.0090045382881872,0.0198613503109391,0.0171686739473475,0.0222471068487939,0.0199025205190876,0.0178906805027099,0.00128834432397532,-0.0157883969565076,-0.0230955499044166,-0.016993690078262,-0.00503343176786299,-0.0309119402105251,-0.0184442016420449,-0.0157369942340444,-0.0227183182017435,-0.0199073481997587,-0.0024119526440015,-0.000301232197502773,0.000762890243635381,0.013190304614369,-0.0138382831230444
0.202093489949515,0.122635032622556,0.0920958327714274,0.0685442649918801,0.058619306805276,0.0442930105137103,0.0235340739492451,0.0108639127790539,0.011136617705337,0.0224096864789263,0.0263707049059263,0.0302151797862764,0.0313396996871987,0.0347962674548255,0.0312520366683959,0.0294667420279939,0.0313692409981869,0.0299819227841558,0.0200933770909473,0.0132099696039308,0.00756162206311946,0.0081466504311961,0.00530748495087303,-0.00111609584139325,0.0118655636765987,0.0302687921392515,0.0298290385286008,0.0200244188026046,0.0196776230516165,0.0237650978126041,0.0187633674463669,0.000278208502914327,-0.00543432822997575,0.00250556456064615,-0.0070396022299793,-0.00944788333365921,-0.0166930202810775,-0.00329166618331074
0.198340252090787,0.104374817652978,0.0691137479718769,0.0484372356312018,0.0431628236709528,0.0307407082087733,0.0175715314001237,0.0244134837376261,0.0119896178649758,0.01721407072554,0.0106945778863272,0.0129332211319682,0.0301311406294909,0.0213008084137844,0.0159656145605613,0.0115354471328911,0.0077853421721825,-0.0124834593591112,-0.020245662527754,-0.0275659655668794,-0.0064446691835147,0.00651145269891007,-0.0184402973074726,-0.0185221977776935,-0.010273079590041,-0.0174405003323396,-0.012229689817416,0.00749764941377354,0.0141453741980599,0.0252524915327095,-0.00717821790274531,-0.0282838721232431,-0.0160251793866325,-0.0194484488929664,-0.0041256108668426,0.00557354527287567,-0.00615110877507462,0.00517046030441458
0.18892981644925,0.0844162475804181,0.0678166639551652,0.0616734492388636,0.0155985216682125,0.00182161429637091,-0.0122492194818293,-0.00133673852031004,0.00241725552928079,0.00115024632643333,0.00083823546194572,-0.0050952293894372,-0.0125857631951055,-0.0391449585227929,-0.0196510393823586,-0.0267612075507506,0.0100156734499615,0.0102662133032638,0.0279326982899425,0.0135702127970212,-0.00708414616755702,-0.00135525210900107,0.00570225209177765,-0.0145705756628777,5.87841527685118e-05,0.0074043380581738,0.0205974057916782,-0.00411142547374404,-0.00383481044454406,-0.00275288522005204,-0.0238193725734278,-0.00138366385184463,0.0293165169687337,0.00631723514440913,-0.0115098538064394,-0.0213964984262197,-0.00410254051691518,-0.00643172813358291
0.200038561309076,0.10286150654297,0.0593066627729331,0.0345348371689481,0.0118659440150573,0.0219687283661428,0.0195525895106846,-0.00132955030197422,0.00405312417840297,-0.00434709153066411,0.00139081207991511,-0.00449247443070236,0.00752261874804829,-0.000135747999832529,0.0155344936420735,0.0108347479495258,0.00200618834518844,0.0136693034020972,-0.00908705548830555,-0.00864287923813607,-0.010943890611337,-0.0201107142322563,-0.0153228536638672,-0.0325178507461387,-0.00576212930051477,-0.00425771015825155,-0.00958826432478539,0.0136833871063603,0.0234185902465869,-0.00337493246630919,0.0180344383393123,-0.0149446300733048,-0.00677962803816522,-0.0150652956560705,0.00116896554850589,0.0199033109441013,0.0188276515238047,-0.0148374138989781
0.192836287061643,0.122097400299169,0.0959346633971713,0.0841670295182896,0.0706919392085934,0.0663318630604562,0.057889965350851,0.0479171623851112,0.0422530218742342,0.0343782639249222,0.0333508647048736,0.0356150206819294,0.0421334880586653,0.0451907815927148,0.052091682948196,0.0548151873797154,0.0514737015998472,0.0498918134684129,0.0471008618511478,0.0371707111356942,0.0421528003445869,0.0406793291096826,0.0421541672419346,0.0335719202097032,0.0462411101839639,0.0272117161234583,0.0232802252980428,0.0322583657877068,0.03043434968237,0.0221109705175147,0.0238696923995877,0.00428320225522332,-0.00988059231458873,-0.01239597919781,-0.012910226823607,-0.00676246792351962,0.00444672184731347,-0.00808569071736911
0.20871651262539,0.0952289135628291,0.0513794418385223,0.0540822469388117,0.0321901585097905,0.0285641460418614,0.0227518616955117,0.038236321301544,0.0100746968297394,0.00819680944162442,-0.00118735070740396,0.00153263405414533,0.0110381223388892,0.00360398513589992,-0.00370987461077739,-0.0181666820651815,-0.0137971702793805,-0.00932312490619,-0.0127800561020076,-0.0204626058248745,-0.011067022071963,0.00352516514882038,0.00539870966567455,0.013740304183645,0.0129092540634021,-0.0100275987903994,-0.0106937821571241,-0.00307306903026454,-0.00339463427575361,0.0171643864524344,-0.00209849513164835,-0.0062283054153834,-0.0159003098249364,-0.0256181102281654,-0.0258590728857313,-0.0282676414313413,-0.0177092859945152,-0.0250283816210208
0.192694578924947,0.110922415184654,0.0591757219573134,0.0504962370819712,0.0173412372231377,0.0238348814533241,0.0209668051640969,0.0244299386173059,0.0240661802818461,0.0110881318053385,0.00890661167003359,0.0147319551484464,0.0203760438679191,0.024084500796303,0.0207164270367924,0.018761924868742,0.00885893822456987,0.00505832440175019,0.00804558184554375,-0.00170741567546513,0.00622469498901592,0.0139801477484604,0.0208554673790442,-0.00624672842976149,-0.0151440804857525,-0.0290789412051782,-0.0156499985894608,0.00187208070412092,0.0124895739203107,0.00801046261359264,-0.000226860632217586,-0.00639564779678146,-0.016566018527976,-0.0088571368831822,-0.0124439122309095,-0.0157270584475468,-0.00575739134328359,0.00804043809594561
0.191070704584357,0.0868799480797564,0.0585494802936667,0.0363559009258594,0.0234580517917162,0.0239595151541367,0.025952143943988,0.0168976369216936,0.00246936721920612,-0.00128808159243216,-0.0125373134631151,0.00179171974359984,0.000414902689404608,0.00398754143834593,2.20992779475163e-05,0.00696200669061867,0.0309199893603244,0.0179775902981959,0.0158152857493729,0.00300833028664261,-0.00590428725519538,0.016512476382353,0.0245163512110426,0.0174620237977198,0.0189219422858446,0.0138413725884225,0.00638783177442112,-0.00758196401296625,-0.00469180866147161,-0.00454689082875443,-0.0211829616099802,-0.0239253729323637,-0.0162286352575173,-0.0226498533008339,-0.0126242575677865,-0.0129861389717275,-0.00888051889292829,0.00777995407458616
0.202449703477461,0.0921187265151862,0.0821764315055658,0.0584221877866023,0.0400639338713991,0.0398999223516198,0.0312930278612589,0.0300503982609944,0.0257566949017613,0.0269578023143308,0.0269126378817931,0.0304335010232985,0.0247161548921257,0.0215473864717211,0.0148352562850644,0.0157298331305422,0.0124387763263633,0.00466122452794151,-0.00679605061402434,-0.0057510674998056,-0.00107690929812125,-0.00420755027559464,-0.0305041033917319,-0.0290318151435819,-0.0362369948273815,-0.0254053667634935,-0.02304410744392,-0.00770888244765911,-0.00397725240694294,-0.00180154086152372,0.0182410622112593,0.012268202743972,0.00892071757632814,0.00317256898238554,-0.0059737529762925,0.0123493434459352,-0.0104681997863174,-0.00349571156277032
0.193338250756069,0.0998028948189963,0.0664488897689033,0.0477162279504574,0.0261871629011225,0.0278355415473245,0.0160477437612459,0.00447825733781719,-9.25056632427817e-05,0.0105117038664887,0.0201653692224543,0.0117673704107084,0.00896937581221841,0.0231619613263754,0.019977025830467,0.0179423129245646,0.0138974600114798,0.0138824162172166,0.00807285119111415,0.0159967175940576,-0.00382648201564297,-0.00264520465099645,-0.00371092268038992,0.00211869359481029,0.00403816232538804,0.00177383013070928,-0.0149417794607907,-0.0118805423154789,-0.0145594899657424,-0.0192090597441951,-0.0284979456346943,-0.0135805281693319,-0.0312545800602016,-0.0113506155547083,-0.00111561924872043,0.00757240105511587,0.0147407443131854,0.0219986179013115
0.187223082712009,0.0960606845968789,0.0639470651770728,0.0431392028876424,0.024309027877707,0.0176843336816467,0.0194338374512539,0.0069853294790323,0.00693748766038665,0.0205567532071481,0.030185967858716,0.0262919672400885,0.0114649504673294,0.0100587739906913,-0.00196547770728243,-0.00758037992160695,-0.0131453246297861,-0.0119124290327598,-0.00803890735189018,-0.0113469055628114,-0.0260868006331746,-0.00485584179729876,-0.00437543499343297,-0.0117666217983941,-0.00965992936964965,0.00136103128723165,-0.00112242303656421,-0.00195183932889457,0.00242242923683387,0.0121566288155354,0.022965208809207,0.0125478528410835,-0.0193726268838389,-0.00636274252322715,0.00754440669652385,0.011217931281686,0.0245840907392523,0.00545460390356355
0.200745796240007,0.0918853276495839,0.0605328247839541,0.0427628536367136,0.0370612750027346,0.0251986016302348,0.0402340926365498,0.0357584204794271,0.015332523338537,-0.00162436217884325,-0.00190728322272695,0.00672530921460794,0.0162956050988249,0.0067516618591253,0.0130016828614279,0.0229207356066492,0.0251335043137944,0.0258954444966966,0.0212515803643505,0.0134731683407776,-0.000203320197024809,-0.0219832845179346,-0.0176285867894246,0.00020461768157708,-0.0172324050801163,-0.0282646701097806,-0.0149109680699538,-0.000912746814250826,-0.0127142345769769,-0.0286017257554576,-0.0113414815849973,-0.0312611886903392,-0.00408163462340865,-0.0115272320309036,-0.00103380077993855,-0.0271399720051559,-0.0299602333843982,0.0105549525021226
0.183559859946449,0.120806067093444,0.0709589931157735,0.0504907322559344,0.0431345900309427,0.0276386434828197,0.00980655810791741,0.0100582629246279,0.0127318439376357,0.00936064317029953,0.00795260123891883,0.0104033872209588,0.0145912571199047,0.0151369778162105,0.0222254821813055,0.022390097952644,0.0302083221616092,0.0306057525977041,0.0216694812130195,0.0272721874548963,-0.00266794247739953,-0.0056180182775916,-0.00129264735191653,-0.0086546385192577,-0.0025145399187334,0.000814425912409131,0.00398611205828074,0.00989374411013926,0.0147606397013779,0.00101834058548295,-0.016679774784931,-0.0144182403154083,-0.0305029133584505,-0.0213384473638044,-0.0222126994207734,-0.020491971967439,0.00663705835217749,-0.00694706726177034
0.20481719174747,0.0923855690185627,0.0590061318886733,0.0443510615192445,0.0465683908985295,0.0530949225328785,0.0464362044407074,0.0434679636390916,0.0343584341366446,0.0301983528446057,0.0373487474290951,0.0318801599396479,0.0207652921775625,0.0272438478834343,0.0259416816995941,0.0251937842082589,0.0265696310649746,0.0334638067777726,0.0390729221447612,0.020784048059629,0.031991545816781,0.0286329421883151,0.0244808427826668,0.0118129418766795,-0.00169699658981298,0.00391960017900353,-0.00136148970796349,0.00216747871703887,0.00198782864875194,0.0102390155258045,-0.00618968258289685,0.0016851029086768,-0.012027766622523,-0.0266705150068926,-0.00741861254867347,-0.000646100496367024,-0.0393802480459196,-0.0538780066656897
0.201402507403699,0.115554369826379,0.0606467808299069,0.0288622498661149,0.0127661207527629,0.0105543747920027,0.0157444786053404,0.0207119707805181,0.0240584271022474,0.0162639395578279,0.00788614986786478,0.0176165124400461,0.0190898494770485,0.0124149062992071,0.0212352742407938,0.0220041247349582,0.0218022044577939,0.0211413963254243,0.0145090784325888,0.00151489374497201,-0.00302027013874468,0.00881985765655552,0.00277211469186108,0.0154264193511164,0.0271344418273936,0.00290602331767027,-0.0203136850219934,-0.0194990669037831,0.0122323624141621,0.00789105913448687,0.00502434788149419,0.0137454879719663,0.00971136456265043,-0.00785127206052858,-0.0184589897820455,-0.0183825572618296,-0.0251462375971901,-0.00819293138386819
0.19873441265351,0.104745528313961,0.0795431898265254,0.0528981926504162,0.053195043662335,0.0339666311066551,0.0453167850263674,0.0245349515495639,0.0341073553616821,0.02197046872412,0.0085402401889314,0.00166791244610219,0.000161500291880326,-0.0129813559864712,-0.00774312591257188,-0.0307178900748171,-0.0240146023791268,-0.0284347893909196,-0.00103592546187572,0.000391590495708861,0.00383861393394584,0.00966549404638956,-0.00117269474009672,-0.00235294179246769,-0.013735054488489,-0.00680299096314011,-0.0168771236328338,-0.0333973895943575,-0.0201148691017095,-0.00879804337344152,-0.0030704246016463,-0.00137623973886025,-0.0313127073191673,-0.0291692703453253,-0.0220254519205954,-0.00789402046253674,0.00500935389912072,0.00935734819905915
0.192953791127956,0.0938370235221242,0.0642785428525855,0.0466984155207765,0.0337203810636228,0.0347908799876046,0.0330912437479916,0.0303756488553492,0.0260641575804464,0.0299663577384303,0.0199333534580945,0.0146401951263804,0.0258232212167998,0.0196159985783757,-0.0108614374976871,-0.00787173995270608,-0.00726096342603242,0.0054700804658257,-0.0212032508447362,-0.0101412842768443,-0.0206257053306647,-0.0238337229280951,-0.0294867539565828,-0.0177327135891211,-0.0154761727391394,-0.0274400114212208,-0.0316498634478268,-0.0182960967960366,-0.00860490117980812,0.00540307837707964,0.0228508992655417,0.0197047494669438,0.0172473967932894,0.0301212204962567,0.0244552441800077,0.0199334904131589,0.0176185734336079,0.0255073631043068
0.216617541510649,0.133145135727609,0.0704680020016992,0.0505814704341605,0.0410090598602424,0.0381618573572688,0.0235684137055951,0.016467185721876,0.0160795054193619,0.0285108363914035,0.0340939691692228,0.0219938352837485,0.0138268925809393,0.019524442786615,0.0242076330289502,0.0214464025738838,0.0116366481959084,-0.0077034257098956,-0.0085805309283312,-0.00765461098866002,-0.00262383412605762,-0.0121125844699953,-0.0138287465017303,-0.0150865783794927,0.0034035952956539,0.00682385838025851,-0.0116768603174171,-0.0106434569381814,-0.00917343425731675,0.0004720134501257,-0.00028098870708338,-0.0045480780278718,-0.0232871454420954,-0.0266270566723622,-0.0205391507844101,0.00523187038884166,0.00495301678053552,-0.00192881815252217
0.191828110593103,0.0867843439853949,0.0572229607617567,0.0591008745031181,0.0408609321771893,0.0284489626798633,0.0128311694984136,0.0102887774638375,0.00987070886456901,0.0160437702801749,0.00869070775853837,0.019556534957165,0.0184699007465383,0.000779244145187628,-0.00851045407029001,0.00243041205943811,-0.0104796817920838,-0.00534301439592598,-0.00745186638117744,0.0121132118483349,-0.00587978109345063,-0.00935165079023938,-0.0159912935219056,-0.0223596813831152,-0.0243610590484585,-0.0201288583862065,-0.00360367029821063,-0.0170170298550882,-0.0347072425480894,-0.0333249016061168,-0.0211242917506837,-0.0198416774070668,-0.0219954449729792,-0.00596392517063062,-0.00316599139274376,-0.00747277846289694,0.00129829834136527,-0.011590109356367
0.18968776818265,0.110103189658759,0.0695725450364387,0.0565959103541283,0.053294149228281,0.0422156137089133,0.0411342070727866,0.0459720780330561,0.0351161100429681,-0.000664576634490215,-0.0105953014806797,-0.0106789111064232,-0.0062758735183334,-0.000984917067737026,-0.00280698701744076,0.00372893529142729,0.0151884696150309,0.0140362471241296,-0.00457764878188137,-0.00603372864458899,0.016484161936173,-0.010801440887887,0.0101153032617433,-0.00653936312663878,-0.00928593779997567,-0.00520717492446602,-0.00845529700860395,-0.00221572959811134,-0.0085913247528599,-0.00932417380829329,-0.0178916852628993,-0.0144360558105859,-0.0330802747770156,-0.027868617591186,-0.0196692022878172,-0.00717238782575019,-0.00500730764018277,0.00320223077020116
0.219518895830746,0.121163403381939,0.0645349419113837,0.0435282328347838,0.0248254868004404,0.030389846093282,0.0272434152969365,0.0321412613735534,0.00851405604208079,-0.0135444406841477,-0.0118282966950453,-0.0318184960690156,-0.0242197716535016,-0.00945110800560848,0.0131224507132296,0.0104125388890939,0.0247986044147308,-0.00459053949636402,0.00832719433650031,0.0235999764332995,0.0184666708849568,8.60950250458825e-05,-0.0102684085083685,-0.0236126700273267,-0.00266682343101847,0.00191072135004661,0.00349710061987568,0.00488847482782874,0.00751287348319291,0.0245948730041167,-0.000809935810982338,-0.010866458585775,-0.022106564824963,-0.0188472079459418,-0.0182426489229971,-0.0228930801881988,-0.0143420243736515,-0.0199661350073808
0.18093365302308,0.082127590247708,0.0447096688942037,0.0168196816438149,0.0133637137615318,0.00572980509277963,0.0155630558330295,0.0114811357683111,0.0117835265172726,0.00934529135841388,0.0199816593722343,0.00319432402604267,-0.017003424057429,-0.000595864807401305,-0.0110959924587613,-0.00757331540166648,0.0015584658266726,-0.00994726420391232,-0.0106360206727178,-0.0153282612648381,-0.0229966702733505,-0.00531193607404835,-0.00104868993621329,0.00769209643913512,0.0102537126181649,0.00944135501412587,0.00590012620408204,0.00456366190423874,0.000810581612209559,0.0147240391090288,0.000596744675370979,0.0211433831451764,0.0137466759866941,-0.0277908960247979,-0.021014383940442,0.0204723842268819,0.00540371548639668,0.0216552503736438
0.19076313955277,0.0701169407777331,0.0543083631484607,0.0595480552458853,0.0432707601563975,0.0351016062907846,0.0262299545325278,0.0297153555327299,0.0127166547324632,0.0176010487571795,0.0136723026713442,0.0234597783706548,0.0169593618058405,0.0264432922921416,0.0260739689519708,0.0265844155108012,0.0215762448667536,0.00247393969849526,0.0124496814573463,0.0183784964943907,0.00665775804657819,0.011641945579976,-0.00251210306027585,0.00425763054910098,0.0144333591039163,0.00648111963095237,0.0129046746110127,0.00833521690105141,-0.0119244437177551,0.00815912903096283,-0.0136103579431707,0.00617248824445313,0.0180570298851387,0.0324716484128275,0.0280280100479544,0.0288669064486905,0.0206704056404728,0.0108612130095154
0.176861084420056,0.0963785644655003,0.0707969563806302,0.0508908829524655,0.0459745760019956,0.0479993375190162,0.0301570390673703,0.0357273001007047,0.028660888593516,0.0135147133458471,-0.000580196567776003,-0.0109417688554477,-0.0118073915284087,-0.0213229043619898,-0.0158898654008628,-0.0111597945353405,-0.0233751878610721,-0.025402613078772,-0.0112123164240018,-0.00326231354525247,0.0140099142032761,0.00452849420203584,-0.00842866347957408,-0.00380986310924697,-0.0114787663744074,-0.00367620296511748,-0.00669643120950398,-0.0130744158781761,-0.00837426771766798,0.00755229603210332,0.0329298470931807,0.00825651418613217,0.00198737587684696,0.00163887553108644,0.00724891247692082,-0.0158354673495158,-0.00640350189544094,-0.0236731298441136
0.184089079228844,0.0932598134580055,0.0768166983198401,0.0457182129749828,0.0309996840611914,0.0182640899135372,0.0267566336971773,0.0405950590302456,0.014387649988235,-0.00779248537641814,-0.0331094171550277,-0.0112665575572689,-0.0191502858680853,-0.00895977521985334,-0.0110161999166529,-0.00318329429523396,0.0103559631657132,0.0225517305997067,0.0183378450798892,0.0289406968345773,0.00565169501602998,0.0263455544414888,0.00942235142905888,0.00348128711413181,-0.00538417220847105,-0.00624903777632381,-0.00715922987998271,-0.0296950417350543,-0.00465386421200119,-0.00789426180890158,-0.010425326736226,-0.0140341877972996,-0.0256313979507269,-0.0260101777201626,-0.00542163982987648,-0.00219171445781422,0.00553172335521,-0.0154889383947589
0.186224726474452,0.0965222959855178,0.0726675092976005,0.0296679340603638,0.0227848440213975,0.0263100448140904,0.0229217864170912,0.0320836563952054,0.0311333805213155,0.0150299601831863,0.00969399477015607,0.003515498764518,0.00983867568952237,0.0123563431108701,0.0186633611091938,0.0176681355675791,0.0227250159768526,0.0087945447414332,0.0206042003249424,0.00971831019311318,0.0170493220218669,0.0245384815222381,0.0217951682197736,0.00825190831857557,0.0110513593496709,0.0106394730434597,0.00723288349792484,-0.0031205686354687,-0.00120867966902577,-0.00323548852485124,-0.00665758385339832,0.00122434618066987,0.013389051805257,0.0184741895655258,0.00614174247338599,0.0115239630145413,0.00128102971238137,0.00260411729097521
0.191757587244469,0.103309207977319,0.0499771524536317,0.0427190723178422,0.0277975312014884,0.0129037231058112,0.0219392702297692,0.0120678371184641,-0.00781691812392345,-0.00126929052733575,-0.00531442074347083,-0.00612315356624011,0.00139012580066726,0.00878597090643379,0.015719433691992,0.0116616940010144,0.0105974844766494,0.00117736460425256,0.0141432544994343,0.0162938231669959,-0.00285856137093854,-0.00509671626736003,-0.0153171596676314,-0.0227210948282004,-0.00183133182268423,0.0171882931087855,-0.0165086911021642,-0.00383710590420914,-0.0157029504292131,-0.0251324490296283,-0.00616280839711518,0.0247359710352393,0.023790256695022,0.0113947764076988,0.0280499277870864,-0.0156961879017661,-0.0152864439470678,-0.0138416928098786
0.198538203640388,0.102823840114172,0.0874615052819706,0.0713819214854765,0.0625999290956966,0.0515610330642586,0.0376419679989543,0.0364678929145148,0.0328747675669571,0.0279011757087506,0.0222868273509075,0.0139873177199106,0.0141946104827825,0.00738721003465569,-0.00445697113220057,-0.00601552886215634,-0.000964881300400157,-0.00261645470850456,-0.00111533258909536,-0.00245578664234297,-0.00169628401168045,0.003466776322745,-0.00263192660880101,-0.00903451753908387,0.00205507574040551,0.0213061287300171,0.0201414087582193,0.0223176847919561,0.0171103419702287,0.016024404003157,0.0106699553129662,0.0204340658877836,0.014884344673719,0.0108304991812245,0.0061363937268792,0.0266312267740814,0.00701486690447438,-0.00554454863631511
0.193886173869223,0.092945114440476,0.0665430127983308,0.0426695516984528,0.0296988184682005,0.0251701497922149,0.0189829470634924,0.01379703187773,0.0126459513648725,0.0207691313168288,0.00829221819219908,0.00190310733442752,0.012622979687528,0.0174016055900171,-0.00119682545556199,0.00298366057777359,-0.015247210483752,-0.0180827006478958,0.0079674703031509,-0.00811268767392858,0.00213766927928798,-0.0116195485328108,-0.00795421256735902,-0.00146251902318047,-0.00752887859670415,-0.0180669005108513,-0.0279067085362917,-0.028478208093869,-0.00899003796869349,-0.00319129191002786,0.00625257362304252,0.00133732519490644,-0.0038884492192945,-0.0272699466090202,0.0082962048955605,0.0238643027745837,0.0141742061094541,-0.0137323024697043
0.202321094625696,0.115614606870445,0.0883974479408012,0.0599026204402886,0.053444400625098,0.0593827193900439,0.0376221154454122,0.0429745553721354,0.0429561675405271,0.0344846840115641,0.0240507772162386,0.0240636014975518,0.0407889901572822,0.0274927835145997,0.0114502268776096,0.00213138331987892,-0.0115070658691354,-0.0124041344558305,-0.0251543345293179,-0.0133020669369774,-0.0242512465469743,-0.0482057242670032,-0.0437689634463767,-0.0314185316844616,-0.0222161995998596,-0.0252328087898147,-0.0377889871455917,-0.0339852833080288,-0.00626379914235505,-0.00375562019066059,-0.0403702979098655,-0.0255495273151637,0.000141559460019104,0.0174500989206926,0.0175233164858665,0.0108177286989238,-0.000594704194638436,-0.0136779182793276
0.224034207024577,0.10370853807333,0.0788902800314036,0.0630334326344213,0.0696263279229584,0.0680794158506879,0.0546610684817652,0.0569715906001044,0.050149438544599,0.0432865131714837,0.0419667022519726,0.0447385860650234,0.0279715645312087,0.0294455713102449,0.0393466092208832,0.0424103194775751,0.0458377298211359,0.0428342050831902,0.0407607441107929,0.033831385063191,0.0284043689024559,0.0260984505154221,0.0130616142086539,0.00668545554229628,0.00789376811187869,0.0112962144792023,-0.0168929477870109,-0.0267470336743722,-0.0325585055499507,-0.0245758202073395,-0.0291064632750586,-0.028712146823013,-0.0331017488857444,-0.0272131262897094,-0.0232992931714504,-0.00533806559938015,0.00199457824273961,-0.00639462348048983
0.203046996358,0.103896643118544,0.0529199896230775,0.0383429015120899,0.0403967197048643,0.036714430974604,0.0423875212980897,0.0328166567655249,0.0282087682941937,0.0196526828794326,0.0200462509201964,0.00750732253491773,0.00275970819438606,0.000796269873711183,-0.000739190030819829,0.014328358296115,0.00740360957867815,0.0086931984101483,0.0170026853322722,0.0208213182418002,0.00250894754981182,0.00377508356095226,-0.00618664167082616,-0.00606414810224896,-0.00903176873967512,-0.00562448420632879,-0.000887021191368468,-0.0103702141765781,-0.0174926676005344,-0.0194179969837415,-0.028007108394242,-0.0207716152429968,-0.0164825576383401,-0.0170538035125346,-0.00796808145562952,-0.0188392332040426,-0.00447980928119627,-0.0131773319854832
0.207645378636312,0.10052800077663,0.0818025025898797,0.0592281294456619,0.0364845519556311,0.0364231822261473,0.0367064087812979,0.0310266308618188,0.022277057759652,0.0265418265983922,0.0187449130267762,0.0093579525037596,0.0185956002000578,0.0288384510354098,0.0147472615819583,0.0257521982338754,0.0179514621874148,0.00958592402475886,-0.00209779741717567,0.00461738755110682,0.00142294519646587,0.00130895748013835,0.0102949033302581,0.0153691708745182,-0.00183648775453224,-0.00871449872444477,-0.00190487289496191,0.0057665751412414,0.0139568387870297,0.00934168987842677,-0.00614148546975303,0.0132556461843611,-0.0023842388447329,-0.0288695026996595,0.0264829241289611,0.011965582308934,-0.0244351587358214,-0.0087594447173058
0.185758523809262,0.094713617857119,0.0675725523482361,0.0602600543939311,0.0508540309616398,0.0274088740971567,0.00914841448973572,0.0196515823345315,0.00660028750887213,0.00394414858741858,0.00767531364595464,0.00249744299532368,-0.00499084399210759,-0.00154930498283097,0.0143922409607012,-0.00244322323975733,-0.00675623495540696,0.0124762991320422,0.0128764859095497,-0.00341003877773189,-0.00534766153302713,-0.00744004927320139,-0.00559472259367109,-0.00933225213346142,0.00240372069676112,0.0107810642849005,-0.013603898191245,0.00209396386293493,0.00344338061287654,0.0175724186606203,0.000536817590370582,-0.00165373733649875,0.00148621949115047,-0.0058476192752698,0.022486674280778,-0.00710802452938552,-0.00393098648421863,0.0107735631189255
0.208172094166532,0.0996570965285913,0.0635621646425723,0.0650767837039974,0.0595940859726229,0.0441921476192525,0.041246469535813,0.0208473761039128,0.0246638987688929,0.0244962180195965,0.0232337264885085,0.0192008712456682,0.0284237834469564,0.0286087269687451,0.0269887068968106,0.0229618247218529,0.02028313073487,0.0167962664385638,0.00911870003339548,0.0058522940618135,-0.0141165536946684,-0.0190219121801825,-0.0211565177101396,-0.0164383673175724,-0.0179111506259906,-0.0106954836554401,-0.0114828077242793,-0.0124719454019156,-0.00964144730196499,-0.00555156290913646,-0.0137861676687414,0.00369090602909833,-0.0131202312942156,0.00728066994967612,-0.00933272185523377,0.0173444917079501,0.0166590665916763,-0.0144497656281481
0.205798205670268,0.119446489438386,0.0762111477273279,0.0542141674247372,0.0463578039350018,0.0554171944905013,0.045426735275715,0.0356790715082466,0.021469096439782,0.0300717425824358,0.033355471210383,0.0393945911557755,0.0140928548391638,0.00420298869713482,-0.00566949618041551,-0.0104953143250543,-0.00693075332137463,-0.0165672622801829,-0.0252782576533341,-0.0126506542226716,-0.0289732007786617,-0.0252213520339132,-0.0131994863276169,-0.014586822822924,0.00436870821055245,-0.00239186913156574,-0.00469532453919577,-0.0100828142056283,0.0124529979566745,0.0124667262461171,0.00204230245331237,0.0111277572778024,0.0194217723134935,0.00269652616150698,0.0139852997765126,-0.00817809186567081,0.0168101740063747,0.0203671865807173
0.212509719962021,0.104135576110841,0.0971394414443245,0.0504477261984098,0.0596864785444881,0.0434640975833934,0.0371903693458644,0.0422209849985311,0.0159429502149813,0.00136494318703678,0.0146095218201524,0.0250578382358951,0.0291245483457494,0.0108882623253882,0.00114603706951926,-0.0174421985729133,-0.00316530920038113,-0.0169136739186542,-0.0354842977150125,-0.0536448849260549,-0.0536195060672393,-0.0275529519201747,-0.0291208275828991,-0.0190690467461918,-0.00800541649519477,0.0210132389905821,0.00631135307089015,0.0106091503133677,0.0151460736571375,0.00580969682732751,-0.00574332070960552,-0.0152174869395113,-0.0148128196556495,-0.0364551203949945,-0.0376274488854481,-0.0379809614260541,-0.0141596402506024,-0.0203746660842736
0.199576395438319,0.104294608413337,0.0836287754984495,0.0628060399697382,0.0569661327233608,0.0285731685071122,0.0103945555680025,0.0169673088487407,0.0108867720284118,0.0308879776623223,0.026794403636342,0.0230855059386523,0.0206404954896182,0.0170922681917045,0.0361733729681234,0.0123467416375458,-0.00189259461537325,-0.0157474903695281,-0.00189606990147519,-0.00788331743897057,-0.00925595409625798,-0.0100899610911208,0.00863914522981451,-0.00476755010058608,-0.000190118796382234,-0.0125437216868328,-0.0407221145615185,-0.0147110746012569,-0.029654487557492,-0.0249731722023746,-0.011345212299489,-0.0289135723486425,-0.00335014215712128,0.0159798169896495,0.0158931390923712,0.0411969615885268,0.00198100178237822,0.0321105071177052
0.193469782821878,0.112053786643518,0.0553801984806571,0.0431673175540889,0.03625641617263,0.0228694313593577,0.0251499280420955,0.0204734324429442,0.0104417958030142,0.00786640212511558,0.000979553265954995,0.00523119095988963,0.00710264070707577,0.0115445306569014,-0.0120546815555601,-0.0105349137555405,-0.0227608727184597,-0.00923193341729265,0.00709956255277307,0.00925359175873072,-0.00791662530168121,0.00748654065454367,0.0133877818046879,0.0179758700467786,-0.00794594264122103,-0.0269833976438056,-0.0125524418108453,-0.00519793299950377,-0.00230252325337722,-0.00390835691522405,0.0230587228082651,0.0269934284325933,0.0230862907574849,0.0138946326527824,-0.00896113834901353,-0.0178562142546138,-0.0156301858349925,-0.00497874252304364
0.194911644045937,0.0931515302828121,0.0684994660726661,0.0467178701927332,0.0292238567039041,0.0337216755068557,0.0252789539321357,0.00836968131621314,0.00358475518421107,0.0157335724898819,0.0208795582323657,0.00246593216106381,0.0151604398899552,0.0110916324334618,0.0219915411147891,0.0256058877528604,0.00829127956459581,0.00793481007291881,0.00249102382051431,-0.0112254278950826,0.00397345249909021,-0.0276483287399418,-0.0219488000046679,-0.010008105911304,-0.013554524540401,-0.00971161444022681,-0.00781471578182969,-0.00223662108974613,-0.023750631782153,-0.0208403173096648,-0.0117673787205299,0.0155652335686735,0.00174876568907528,-0.000433895795792174,0.020541153964996,0.00264007859549344,0.0073335942801173,0.00905217560480798
0.216703286379902,0.114062868210742,0.0728549648136727,0.0397533789645402,0.0362186197796871,0.0442843544143099,0.0359571065078387,0.000828992661646526,-0.00785239764751382,-0.0264816244087811,-0.0166675075337423,0.0097005547849024,0.0038530421508217,-0.0142175887659556,0.00083479989890483,0.0212195757355324,0.0349800873799599,-8.25103817353241e-06,-0.00957960256624715,0.0102265504492757,-0.00376495959644385,-0.00604373589021453,-0.0258764043342122,-0.0224150103972618,-0.0129746192714743,-0.00676684188453006,-0.00807340592242322,-0.0099940903502638,0.0279487542294111,0.0201409495123207,0.0426138652107027,-0.00572170603889786,-0.013677081533492,-0.0234307912852701,-0.0228024400991696,0.00275785194553554,0.0229055478410738,0.0114569251941478
0.1955535265113,0.108552621511699,0.0902101996819244,0.0701597636779448,0.0472070415228968,0.0178639052919617,0.0110412059870381,0.00930656991523206,0.031674693312224,0.0294273473606936,0.0315827435481657,0.0241632971454547,0.0106473581735546,0.00910441860206225,0.00704992815464814,0.00578216696030847,0.0157568216688215,0.0177273527831547,0.00982661878590006,0.0105212368711004,-0.00318022389625784,0.00579470248902149,-0.0174573330630115,-0.0371323620602384,-0.0129139730226878,-0.0163099955564903,-0.020871714824504,-0.0202077583813526,-0.0081177383799205,-0.00748268827444113,0.00389919251968467,-0.00704311405584151,-0.000436543565606837,-0.0137582097773322,-0.0182082243837778,0.0163251526015559,0.00335549065038912,-0.0191958752363899
0.167740858061437,0.0980367349232578,0.0498762351409653,0.0516132532960762,0.0462198861943356,0.0240372550350063,0.0199394615229122,-0.0099340621163864,-0.0131942064803844,0.000964085018184788,0.00508338222784112,0.0214449225207934,0.0245356464750916,0.0243288174172326,0.0195174935403487,0.0131309764165044,0.00783527346449426,0.0127728207397333,0.00937563028833309,0.00120859614558404,-0.0135360804656153,-0.00367686199770219,-0.0180547631695603,0.00034268763818604,0.00246268649231592,-0.00422981291269059,0.00462609362867129,0.0182667558975098,-0.00387141815228827,0.022603819039492,-0.000622971137646992,0.00801840998017138,-0.0111014595227937,0.0119956579835961,-0.00261826908977977,-0.0242751217487767,-0.012283580908288,0.00521169852241814
0.189387062085384,0.128119813399402,0.082316909927312,0.0700121045004913,0.0546496637473253,0.0328490115509987,0.0385647050740436,0.0337705834338081,0.0274952059609147,0.0223112413781045,0.0206221675159193,0.00454542546132687,-0.000220057612551738,-0.00276339994402854,-0.00469691933010957,0.00408705315414769,0.00429615678933015,0.00424327031660236,-0.000583489975792444,0.000590609572328539,0.007363132778681,0.00417204271774804,0.0185898368844044,0.0355467965245641,0.0287417028244843,0.0286715277814161,0.0317661112313982,0.0147145549989754,0.0114188522952942,0.0108438723754237,0.021284042628818,0.026366272266048,0.0224395907436154,0.0198797157176516,0.00734476224361794,0.0103885349627709,-0.000810989889377968,-0.0183540944429968
0.182096504842555,0.0789660919398381,0.051649550389835,0.0441938284770323,0.0248602675672737,0.00261571155708766,0.0095545054366841,0.0165165712139307,0.0151832004042097,0.0211010131284875,0.000268148078045893,-0.0102767313867129,0.0116718512346263,0.0170394215579312,0.0177844418882705,-0.00632968002687303,-0.0234367994205792,-0.000250833647480902,0.00775205701380094,0.0218099966710318,0.0228337475061347,-0.00629397294764049,0.00744111749028004,-0.00457323561988058,-0.00071394198590527,0.0018889995741171,0.000368910710040013,-0.0162214735108461,-0.0215049402983036,-0.044598595515297,-0.0359707184748796,-0.0211100469520197,-0.0240760717298549,-0.00930089029565678,0.0187688249369254,0.0210510225813645,0.0174726869789873,0.00692880965684618
0.184727905255795,0.0935732829744792,0.0806228551091721,0.0643067645831576,0.0508363589577082,0.0361578171303948,0.0375253804326643,0.0328779051873489,0.0362206419743456,0.0332415533742628,0.0246197572335466,0.0140615288912216,0.0109797581301867,0.00751889504438669,0.00426436072936919,0.020085085697234,0.02140084162787,0.018145970863397,0.0155859275889442,0.0154603421872611,0.022139623153437,0.033980547767165,0.0250444498295192,0.0235814478091518,0.0112032060328473,0.0155537927270323,0.0170857423683036,0.0314359117545112,0.0148122221684573,0.0028916939780057,-0.0029889004787224,-0.0114635697994905,-0.031289282990385,-0.0241596758978872,-0.0111446570859322,-0.0147817019641864,-0.0149489715261936,0.00488722745756302
0.193591501857471,0.0995442409479302,0.0704040933946154,0.0606680984458813,0.0516909128078857,0.035568057046,0.0411005301874877,0.0305465847071366,0.0313136630766658,0.0297052340380061,0.0280645690062277,0.0236174160128048,0.0325452634361123,0.0399545414131399,0.0324675090101681,0.0318772363895091,0.0185786070299549,0.0203316012590579,0.022243236981654,0.014922735710064,0.00831966283857741,-0.00121666963700915,0.001022711408066,-0.00176954302197593,0.00106903634119711,-0.000793231029179184,-0.0160649484583324,-0.0102056912411863,-0.021876480623355,-0.0290081868916702,-0.00328732934268509,-0.0122600316389311,0.00623870540804412,0.0110952307176603,0.00306193996812416,0.0167915156510802,-0.00364433579497025,-0.0168218603802948
0.218118119807094,0.0940188790407087,0.0638968480380288,0.0723041985051583,0.0464798158938651,0.0324329825947669,0.0249529137562108,0.0229177756407249,0.0153429488981499,0.0101162165275069,0.0190614411737633,-0.00358563072170989,0.00145263805815411,-0.00707882494633811,-0.00332871701165629,-0.0191115869812031,-0.023485097172014,-0.0311902298614822,-0.0346485888351447,-0.00957378862703735,-0.00175878236858507,0.00199886759569901,-0.00786300770810865,-0.00608979492900541,-0.00775699112074645,-0.00461451769553779,-0.00631852531700871,-0.0132423712994795,0.000625053612302831,0.00412866464781545,0.0134156521874203,0.0216754442011026,0.0354996188016127,-0.00936567207371291,0.00696727722210055,-0.00818382021341223,0.00477032994347251,-0.00419286387724928
0.200890925821569,0.0954779157102422,0.0652434725890085,0.0501172532722716,0.0430528871522703,0.0450746776330269,0.026891431108233,0.0172673178301067,0.0198492284554537,0.0039440414370981,0.00483473920919075,-8.90236377186899e-05,-0.00697002670677245,0.00168113207442624,0.0107560954093848,0.0109022804135828,0.0162634536700708,0.0247459089005479,0.017810102456129,0.0298584859751786,-0.0136685380573421,-0.013352109647998,-0.0161773056442413,-0.0208920839401192,-0.0240292931556357,-0.0358103714524063,-0.0291711426055219,-0.0133205911940422,-0.0162445539829751,-0.00331309452669468,0.00018091240749768,-0.0106170314495763,0.0115421547316747,0.0160122760815192,0.0163995780258876,0.000744354548167975,0.00663239767696415,-0.00298698608952885
0.200352640386118,0.0862581926192303,0.079644807005269,0.059065912585955,0.0457706915375123,0.0307382297008779,0.0295186380641428,0.023520426175565,0.0184415411988408,0.0107077446741625,0.00146903977363547,-0.00930988666528551,-0.016485958975748,-0.0172151067684906,-0.0172093925724311,-0.0156610370477163,-0.0246898370214097,-0.033620722096303,-0.00378757362043427,-0.0158014340881983,-0.00168644325457021,-0.0212979954531081,-0.00488823026895322,0.0102408773501818,0.0194767733340439,0.00928898651353643,-0.00492885177782442,0.00401544438675636,-0.00346694801417197,-0.00250567549458036,-0.00768887585088369,-0.0140559469458004,-0.00573030417770223,-0.000153502045878233,-0.000863839981727171,0.00554116042203331,0.00523347364434835,0.00593562298911553
0.196851532637262,0.0704394958380867,0.039475105472024,0.0203614932240439,0.0338932453851776,0.028645314062915,0.0115504751976513,0.0103639198070488,0.0142332310739481,0.00282311491771572,-0.0123822106740591,0.00467697731569625,-0.00701747988582139,-0.013926356576102,-0.0137038612703113,0.000256019993136114,-0.0117577298829415,-0.00450831546071545,0.00299894684616916,-0.00684608406086009,-0.00985404828734367,0.0171463564387446,-0.00610618859738561,-0.0275305747887064,-0.0102616518609595,0.0123777274064083,0.0101339856311642,0.00879638949201414,-0.000421644340555292,0.0134595035781868,0.00949868481413184,0.0107163478661741,-0.00029625801648649,0.0157588490471865,0.00305553127034723,0.00777483724734641,0.0117214088321621,-0.0143249361875697
0.188283201376048,0.0994973258279049,0.0704637489343509,0.0316163149270548,0.0256569030890895,0.035928488994547,0.0376712665473971,0.0285217656395691,0.0297431595009942,0.0244560274390969,0.0291673474227328,0.0251327602104272,0.0171511832093371,0.0193227791184356,0.0257171242328105,0.0275776762235996,0.0264457321352028,0.0245217885961269,0.0250609750956313,0.0343436038654405,0.01618992185513,0.00788328056877294,0.00112223149744008,0.0167079070359086,0.017728508495592,0.014160778877976,-0.000348243217504239,-0.020081286939844,-0.00846402612182748,0.0121801458607752,-0.00380851631633346,0.00836197300382881,-0.00798058176889122,0.0132553298262145,-0.0176721328539033,0.00425722275465536,-0.00183025596800099,0.0135475333804109
0.195578283310149,0.123985282083975,0.0683389025596693,0.0172784488379331,0.0259481250447391,0.0230714733048906,0.0266098711642803,0.0145393108281448,-0.00467468146090326,-0.00657785717623874,0.00160774544503596,-0.00925442817038157,0.0221852604593233,0.00527744829642673,0.000506652800711809,0.0154307545200682,0.0177252037216654,-0.00968774814167552,-0.0109234203692707,0.0296548859182186,0.0406146625293676,0.0186166721450661,0.00436745257865349,0.00548340012372313,-0.00422476658924988,-0.0140930212147231,-0.00778982902288125,-0.0244790685605656,-0.00177867139117353,0.0119892577187878,-0.0126622764396096,0.0080909257724571,-0.0226108061232346,-0.0016315551564751,-0.0303341440357827,0.0181613142755449,0.00821480180084395,-0.00777775919542958
0.184848068415181,0.103381085555303,0.0496119943120844,0.0367381148480362,0.0570263463908052,0.0498088421199358,0.0427366410778349,0.0341660739483878,0.0318717886804643,0.0275026007352725,0.0186109095882753,0.0128256507741997,0.00132933220028998,0.0242559164586789,-0.00525140859582248,-0.0245250771383997,-0.0296058792274612,-0.0156482556512935,-0.00845370952908714,-0.00821225751589774,-0.00865264298657882,4.80634587315072e-05,0.00625130386537659,-0.0211662297843446,-0.010147959178262,0.00378624962423909,0.00131761601185375,-0.0113655998634457,-0.0228645014284489,0.00142089505053511,-0.0058453335689476,-8.72988552440374e-05,0.0378387358747868,-0.00349036511339584,-0.023554504238029,0.0207896508742376,0.0114337334037666,0.0183993157108714
0.201510453514556,0.0889856556109767,0.0707985141587122,0.0575043442183635,0.043944687229878,0.0226112856199205,0.00427880979621294,0.00154064214930321,-0.00536686804231381,0.00627227652831166,-0.0225653433883123,-0.00210609809014432,-0.00238327702902301,0.0205519986244955,0.0052676054243351,0.00719857533719069,0.0156049776716013,-0.0162221268555422,0.000647633098936394,0.00830388892570252,0.00999641445573852,0.0166201365985806,-0.000422175556225157,-0.00966201938451075,-0.00934973878949651,-0.0101889566778088,-0.0103214025133886,-0.0208285744876885,-0.00939025872909547,-0.0173051599893851,-0.0102941764553753,-0.0114647592546176,-0.0173095049651317,-0.0158097702556346,0.0124915142073161,-0.00724333382073973,0.00219606133176291,-0.000742256767032065
0.205474696606118,0.10496901943511,0.0966147962168483,0.0757516948174125,0.0495132026681556,0.0377325197578283,0.0194306546890879,0.00761339298666421,0.0114044575270339,0.00729854680374835,0.00859262413184121,0.0179971320119054,0.00900685309809155,-0.00436275384468928,0.00105472613064614,-0.00434382738942721,0.00632894892127069,-0.00601797588410356,-0.00622612799453506,-0.0104048654563125,0.000427371595081633,-0.00149661513205039,0.00290033216755886,0.00420589080168981,-0.00521289579351298,-0.00965043428274668,-0.0267254173572306,-0.0222499577981045,-0.0225652715453295,-0.0217594718800413,-0.00302870505576917,-0.00409687394752054,-0.0193598489819498,-0.0026107992920337,0.00221134026518946,-0.00241165149969218,0.005404388849543,0.0110255141191472
0.185454945560958,0.10066074721179,0.0793582505926493,0.0559832749952632,0.0245475644572189,0.0121727436375575,0.0179245993478898,0.000246721276340451,0.0200017175133617,-0.00448822801798186,0.0161588709397216,0.014821394155015,0.00192058319547169,0.00509405724060788,-0.000919780443529934,-0.00149275995581728,-0.000584782263800832,-0.00739690878726403,-0.010025730438175,-0.000653190942665812,0.0160671371069216,0.00873097926594725,0.0017469679333,0.000660173090226643,0.010748752326632,-0.000201541180905389,-0.00145942353159766,0.00163110772329187,-0.00440562611790331,-0.00332461097088744,-0.010733184375905,-0.0107522025901954,-0.00209655367758585,-0.0171298805630336,-0.021872332601745,-0.0216284189948902,-0.0207184188822101,-0.00508709268398911
0.179362783307091,0.109372801779723,0.073926543248462,0.0519422934032395,0.0459866260953667,0.0309818957169616,0.019141695639507,0.0180216053501605,0.0213167353488447,0.00966445241074789,0.0104097641721978,0.00860517813661114,0.0105120910244643,-0.00181150094604926,-0.000410673962113774,0.0110539804569911,0.0203686004681184,0.0134105025844694,-0.000276042864583662,-0.00496925322420731,0.00286665433726007,0.00226815184116111,-0.00988374694508311,-0.00818597306626484,0.0203933930268869,0.0187766164120207,0.00388282727175986,0.0131592067450899,0.0152008131814692,0.0212918945136708,0.0185636592806367,0.028714248216953,0.0215915513191935,0.0278379642304654,0.00826088601596432,0.0053024797600579,0.0186148313245969,-0.0176799919419583
0.202118571664415,0.10227766392538,0.0922452125208765,0.0525753721156243,0.0617662128749421,0.0420258969530775,0.0367685849558593,0.0374495417439182,0.0392007428899617,0.036597960316265,0.0386125655115423,0.0328148129979963,0.0273837603848257,0.0230486073691755,0.0235824014672212,0.0198479921904913,0.0155121001601476,-0.00470424165168085,-0.00157767852743738,-0.00637489137415231,0.00644031800515125,0.00968749716912109,0.0187765770490619,0.0181944786205397,0.0222853089572417,0.0215976636258803,0.0192673273890078,0.0090508274299824,0.0105328957443584,0.0239203281117505,0.0268960692166227,0.034297535617189,0.0166419391513754,0.00122335434113855,0.00232509208068617,0.0028931543803463,-0.00111830645018297,-0.00760172051478555
0.208448216319491,0.127209218339687,0.0837769997761389,0.0564218159625963,0.0496345729489767,0.0464618969751667,0.0419845054947821,0.0279953892514298,0.027737744665159,0.0283288347794959,0.0353274929031245,0.0408815321140659,0.0310573094522398,0.0295346340834129,0.0311064404121901,0.0399680662011795,0.0340205873363447,0.0216142309049865,0.0136359599929052,0.00840281929908562,0.00699954884886194,0.0114262752269473,0.00631356723137552,0.00304953483715391,0.00269686661012119,0.00702553626535325,0.00827451041418232,0.0187920171871742,0.0240166964624391,0.0262265065808381,0.0179436594703399,-0.00103227314657436,0.00117849022051995,-0.00665461022550751,-0.0157825125768902,-0.0305525843967618,-0.0223441689589662,-0.011130932111632
0.177300330045576,0.105919965713789,0.0839414437235084,0.050357977637584,0.0545137841229777,0.0475886574333747,0.0416608735246686,0.0452773105960232,0.0234950631108128,0.0142023615318935,0.00843147339388758,0.00752317287777425,0.00939453533925833,0.00676776450194542,-0.00593857184895325,-0.0288975743788871,-0.0146886459020634,-0.0293726418475137,-0.0133394439989116,1.85017548673126e-05,-0.00904221909053369,-0.0129660539649112,-0.0261021616945532,-0.0175214799416537,-0.0123050249651963,-0.0157186515080879,-0.0240338704774036,-0.0206183950960165,-0.00915415217115999,-0.00895205683499297,-0.00378807049633038,-0.00051494218364064,-0.0099925789302229,-0.00422391826522464,0.0102206096056278,0.0205850286676713,0.0086661312623843,-0.0113634251276816
0.197079680869977,0.112189711140989,0.0723043824047664,0.0604451301690232,0.0501712175442537,0.0499587129240834,0.0256740545104926,0.0176067342503859,0.0090081573187978,0.0016335992755616,-0.00177459556010013,0.000155803924607027,-0.00575484637769551,-0.0144056178995385,-0.0181494854939175,-0.0385992488041475,-0.0454030807810684,-0.0359155344673575,-0.0139773964222984,-0.0128831256171662,0.00278914699441981,0.0204388598231819,0.0259740478060457,0.0365632572287179,0.0417777078213857,0.0180414836767543,-0.0101274107628467,-0.0414223563586023,-0.0339713939075968,-0.0407696001877673,-0.0218598287004442,-0.00837554698277284,0.0170814122512316,0.0301967251110853,0.0164294957815373,0.00384400461513229,-0.0116607768262439,0.0112171173832337
0.205441424291491,0.0871893611330517,0.0531035901783732,0.058455419377253,0.0361826597171947,0.0317094943451791,0.0299800507467292,0.0170017773987288,0.0221058683624621,0.000703867435445859,0.0113111735351377,0.000808749396806701,-0.0235825063213495,-0.0360525069293348,-0.034287036021835,-0.0161355967384347,-0.00245387295575565,-0.00139583394706042,0.00855547979379509,0.00323829534888121,-0.0110317931197168,-0.00534007864434274,-0.000326191058829467,-0.0127445459642795,-0.0126069948814354,-0.0159749698436808,-0.00516232862875787,0.0112366100567417,0.00982813905723031,-0.0175999712170488,-0.0251366224396537,-0.0330953851541327,-0.0148428524772279,0.00598671991976786,-0.00178288703333557,0.0105713751817606,0.00242403831270804,0.0053120836342401
0.192036739452771,0.0936993108332107,0.0610309016812581,0.0604842376865588,0.0467633604530919,0.0486539350584667,0.0345895777356706,0.025245000819293,0.02265677308952,0.0349619002091291,0.0263794275273189,0.0243689131274695,0.0280340721732962,0.0293986203809755,0.0237591938539141,0.0091573249280933,-0.00527605322830166,-0.0200355244568056,-0.0275143792021339,-0.00623579192725416,-0.0113391174931118,-0.00730746637602832,-0.0127718524913868,-0.0265980074357933,-0.0335102884344025,-0.0360227326863473,-0.0187012090089993,-0.0228144738670867,-0.0204922816807332,-0.0300625565401692,-0.0239691267507945,-0.0104041065072682,-0.0139029597692727,0.00165652176985616,-0.00592150636145441,-0.0127162505325298,-0.00545778805984174,-0.0147199151832177
0.173119327064522,0.0989722814852666,0.0679628974070386,0.0417784739302298,0.0378720103239499,0.0382804543239314,0.0280766589084773,0.0244744796915251,0.0148792304721742,0.0159808880096664,0.0210609564234252,0.0105823669637032,0.00448415939357462,-0.00194499483473142,-0.0116086250020161,-0.0163772117170019,-0.00763622262424741,-0.0271295983311287,-0.0332158942048652,-0.0227958149555036,-0.0211472000207506,-0.0177374013224878,-4.20208155709915e-05,-0.00126257976462718,-0.00537383327107692,-0.00468610769426092,0.00902487006259381,0.0322309067545073,0.0482699340540192,0.02601983714493,0.00373254550376174,-0.019934384247935,-0.0251223468274635,-0.0130664929490941,-0.0115421209045277,0.0166338569509048,0.00142545672486794,-0.0195539183454607
0.172022906098086,0.0873423749114148,0.0512740964952999,0.0414362534284835,0.0273277237611556,0.0382785432045287,0.0403701313365441,0.0298390914129434,0.024403558423798,0.0218704184792599,0.0248491015030499,0.0296518042610793,0.0296723178907726,0.0298895278124813,0.0224384858490231,0.0145044468052301,0.0169213123790132,0.0129051159131332,0.0124173888105599,0.000901199334335976,-0.00254210424871833,-0.0182263056857375,-0.00964126080068717,-0.0219448956822925,-0.0204853112911554,-0.0247268482283333,-0.0236841586296414,-0.00492889372501521,-0.00755612439197998,-0.00911794357431106,-0.0059746921379539,-0.0190372355417113,-0.0195736964746926,-0.00862593654838884,0.0043280730586603,-0.0244105426470013,-0.0051861663762472,0.0217877576389304
0.183841503889498,0.0948150794279532,0.0769071901590846,0.0546861030961138,0.0592726859077717,0.0407630028019611,0.039485758402921,0.0347016087867005,0.0360983418718819,0.0410012013323737,0.0315968749891135,0.0226033196739088,0.0208466226407786,0.0105539765116332,0.00731201882545707,0.00917586897628995,0.00419638981445769,-0.00415995105084793,-0.00990892809539721,-0.00343001000223892,-0.0105492124220228,-0.0130746510461824,-0.00983352719657497,-0.00767358733680558,-0.0199295400845929,-0.023726322914235,-0.0156860214130421,-0.0301385142000172,-0.0255091459264466,0.00763506345538621,0.0394391701791006,0.0207775992195457,0.0185061992500365,0.0137666557421289,-0.010360844464601,-0.00940601967885103,0.00801777021013786,-0.00247153379873478
0.20443314864196,0.103269989460313,0.079050301893458,0.0599970239676087,0.0334769325073712,0.0188591713893178,0.0490997057881416,0.0179021372078298,4.07489373192635e-06,-0.00328101327108559,-0.0276458612599263,-0.0277321151128903,-0.0224739406320385,-0.0100965600099255,-0.0157922261481875,0.00291811209751744,0.0107248641648049,-0.00511671501093473,-0.00526515616084997,0.0148698470859249,0.0101644703389507,0.0308938284076021,0.0390714920223022,0.012212276639052,0.0132495552923702,-0.0149888690439144,-0.0290935542757711,-0.0464311248614207,-0.0291456674608367,-0.0360822443725986,-0.0300487621430754,0.000494792427767288,0.00893810702435986,0.0148441317040843,0.0353066263117607,0.0363164314831056,0.0188142877919834,-0.00620722570129715
0.186558818322632,0.105812169737604,0.0770155615036133,0.0531021381498092,0.0536367477757867,0.0406596996628404,0.038961620548653,0.0263884729236477,0.0188552744399689,0.0196788076950737,0.0316390607177301,0.0352848470701592,0.0197713412426998,0.00650904271347331,0.0027517573503065,-0.00496030582335465,-0.00101410640214772,0.0119711377692266,0.0139006115605357,0.0131389030198065,0.00676694324792238,0.00735457780442175,-0.0125622271930392,-0.0313458804208469,-0.0325563997424745,-0.0396847286200256,-0.0281000345209311,-0.0242991094000335,0.000135399428716678,0.0135178629881989,0.0106203241822174,0.00248603201082815,-0.00643931634572255,-0.00674489672948934,0.00794902529891344,0.0123993247383767,0.00837909923459003,0.0149831898521837
0.208488965246544,0.118631176099616,0.067239804027044,0.0514555885833904,0.0238959075372712,0.0122295225281959,0.00286780113603878,0.0103308858117262,0.0264685554793943,0.0189739627119195,0.00157144492609432,-0.0133017251956211,-0.000213082969244705,0.0157000269665164,0.0161725767908668,0.0040469840364757,-0.0132974039039538,-0.0388524606391364,-0.0282184442858914,-0.0102756906814101,0.0222060188652017,0.0163658358012053,0.0171697748118659,-0.0194529073249308,-0.0261091218293405,-0.00873376905326557,0.000582499904176356,0.00313585665812111,0.0174497688866448,-0.0126872262883895,0.00964076718406704,0.010593992875125,-0.00754218957931239,-0.0125926962794302,0.015109378011603,0.00745607944697831,-0.00271387662944007,-0.000493701195214335
0.197920998839881,0.0979499191335669,0.0496669896192687,0.0589129560349444,0.0299987285012463,0.0315092467845338,0.0266945742979473,0.0283532595026917,0.0118791244799021,0.0159493171095974,0.00271808142878623,0.00572851385254881,0.00293746984555861,-0.00132285970717799,0.00750633914861539,0.0182091334728756,0.0147335833630797,0.00989846154313271,0.0147155027444933,0.00658949517273547,0.0159249914298457,0.0207140456468576,0.0194046673102855,0.0133728964669292,0.015989056334849,-0.0209109596653538,-0.00513188765739531,0.00697765288371229,0.00677536465796463,0.0132010344592386,-0.00444814887502581,0.0087104230020936,0.000740345615266123,0.0019783084097857,0.0110996082545744,-0.00151709980113283,0.0140794275096771,-0.0169744450227251
0.188906354207577,0.0975987694741959,0.0609833643170785,0.0526652569256019,0.0321655027682443,0.0327197464332719,0.0240881717585359,-0.0064650300578547,-0.00443719789278361,0.00688951172503775,0.0168851055010241,0.0216653094220148,-0.0088099003281851,-0.00804708343738932,0.0181845612230814,0.00271815038377493,0.00644455071241155,-0.00267503152932041,-0.00417631624814754,-0.00477948944105579,-0.0212126783903889,-0.00798235054966269,-0.0242049243191317,-0.0297577967762854,-0.0312826097336254,-0.0169593244748315,-0.017942213236557,-0.000969217340237558,0.017656955152552,0.0125138837094036,0.0277576109116607,0.0394974910342418,0.0106713480759737,-0.00640733731097882,-0.0312843078373611,-0.0371886003602422,-0.0227711132693963,-0.0261504698396701
0.174394597342901,0.105319262112079,0.0637077038087052,0.0550662611566679,0.0330697941829656,0.0259204394599477,0.0269658564382967,0.0185542998040002,0.0180146053810798,0.0169488461623423,0.0100732230063983,0.0106930264882479,0.0152154044623921,0.0172801226238295,0.00897272477487577,0.0077347436242373,0.00171477461333887,0.00368671390493951,0.0126780455593151,0.00359575285700691,-0.0184649927632529,-0.00707500936428484,-0.00358125009712895,-0.0126987247625832,0.00236991860821134,-0.000229026213992557,-0.00383235777434434,0.0141217504858578,-0.00956605164412182,-0.0059946508265589,0.0153242292071139,0.00680808076174262,-0.00501455012688356,0.0103159339474812,0.0118810934684086,0.0165897223106732,0.0108596232365029,0.00127443350093741
0.208109076980374,0.117517261336488,0.0868796631288065,0.0542614620555856,0.0539859666842291,0.0444451870034282,0.0396191685110712,0.0494863205971764,0.0418965306790569,0.0511408576369828,0.0314287843455474,0.0164448648720143,0.0114446613191822,0.0075159777203776,0.00598987735115698,0.0078619656444316,0.00915603127554316,0.0136879316668911,-0.00270688358963035,-0.00128774908801061,0.00410632306525436,0.0162706535111686,0.0169173131796728,0.0110398696036656,0.0155367108806893,0.0131774542562863,0.00845280778617109,0.00784924291424746,0.00592445059521625,-0.000514049529136227,-0.0121641574979228,0.00321718996054622,-0.00651077691227798,-0.0251656656122374,-0.00280966936567593,-0.00106798621259095,-0.00461290157192378,-0.0177958808589123
0.193245395170571,0.102924597206932,0.0828719059491285,0.0774503672430462,0.0505165924765784,0.0214526609344215,0.0221653887279391,0.0180447709811553,0.0180290487801114,0.0155673548325003,0.00741618239875657,0.00421868354601958,0.00590229522093631,-0.00286436128807219,0.00859430027026695,0.00489603276895247,-0.00912805205405456,0.0142145803665477,0.0119819634922968,0.00740849307624171,0.0215283863880776,0.0184421436113798,0.0121634291222117,0.020768548467804,0.0166447540310821,0.0183568309749335,-0.0054533532564394,-0.00532270612416845,0.00237277102343875,0.000686937873422829,-0.023028139752387,-0.0195834559358596,-0.034234145803357,-0.0255415797306607,-0.0303104964671928,-0.0192129481122896,0.000849434565247941,-0.00694114245253817
0.183832061527273,0.0700775883386619,0.0431422803629801,0.0495901364351816,0.0189738102757257,0.0121662308772036,0.0155060340553047,0.0159189921909666,-0.00120288009145145,0.0101004899444298,-0.00205345147899437,0.000956468460766726,-0.00140857916213094,-0.00953581268896109,0.000533449376365005,0.000200627575731857,0.0129889776646453,-0.0038909271490124,-0.00241170774562226,0.00711569236384335,0.0109338326640267,0.0311876409154284,0.0371862039851143,0.00964438031203091,-0.00775563766208472,-0.00958760046364753,-0.0239781021863296,-0.0281794310187774,-0.0169942605145986,-0.0143122702743901,-0.00926752318536863,-0.0126897372345802,0.00261812662314464,0.00159718031146945,0.0177665911715237,-0.0110891230625129,-0.00664420383532193,0.0192658316740027
0.212903715246376,0.113621852852315,0.0769722332118098,0.0534547226875973,0.0428959173810981,0.0454467057330632,0.0497558826929132,0.0463709041465254,0.0435983594176024,0.0341703651044611,0.0206284786606125,0.0183288262401938,0.0137049218016982,0.0243839671379564,0.00587688000866796,0.00452529440471214,-0.00639635514190345,0.00127841882987755,-0.00149527619051491,-0.00502721276769634,-0.00421252763277892,-0.0140756025764603,0.00219409540675502,-0.00550375104954126,0.003854338308839,-0.00741176730871619,-0.0181417310881917,-0.0182014513067757,-0.0330494131694936,-0.0226546127073327,0.0179453679359454,0.00873907423742099,0.00818665355283905,-0.0138426258782047,-0.0124466753437007,-0.00599729523115408,0.00301575072306376,-0.00674264366087849
0.166145492725361,0.0958434504130177,0.0506070197121644,0.0378894932990065,0.040312000774722,0.0159339923619381,0.00333487605331283,-0.0114356620642933,-0.0100490291325739,-0.00315374647315277,-0.00758143486656651,0.00905445693601714,0.0109208759544917,0.0134626759323831,0.0204270199499882,0.00663098496377406,0.0117114693428227,-0.000666709923255914,-0.00852651795282836,-0.0330862388039884,-0.015058623605086,-0.0229603511349559,-0.00463935225520843,0.0120342552244131,0.013813965041756,0.0107007234394214,0.0344893920745054,0.00829705165058745,-0.0208534601439824,-0.0269186254696136,-0.00787131248292783,-0.00161185558426331,-0.000574446250949547,-0.00723479279658728,0.0242760626358318,-0.00154331569706027,0.0167419794669144,-0.0143103270987797
