67,"{7042: 0.27159134923456113, 7043: 0.23874904500693053, 7044: 0.12050788791778622, 7045: 0.401287593894024, 7046: 0.2837400627807085, 6545: 0.007296386890583498, 6546: 0.7589340167383327, 6547: 1.0, 6548: 1.0, 6549: 1.0, 6550: 0.5708173699989996, 6551: 0.007960677682793179, 6942: 0.06886616574427981, 6943: 0.8602057285063844, 6944: 1.0, 6945: 1.0, 6946: 0.48407545773910754, 6446: 0.15847177170871948, 6447: 0.8762765535986096, 6448: 0.9994997319762957, 6449: 0.5074373592198005, 6450: 0.0007596123351483513, 6843: 0.16782693126676979, 6844: 0.9499403063465006, 6845: 1.0, 6846: 0.9775714804938913, 6847: 0.40155780294640103, 6848: 0.00389204838571135, 6347: 0.061980319741727546, 6348: 0.36669508798337125, 6744: 0.32630245856160034, 6745: 0.9953310636695718, 6746: 1.0, 6747: 1.0, 6748: 0.7533664695728921, 6749: 0.14648822486045773, 7146: 0.031268790819127715, 6645: 0.50897760219585, 6646: 1.0, 6647: 1.0, 6648: 1.0, 6649: 0.9633694251076504, 6650: 0.45215835490163353, 6651: 0.011756890668315999}"
23,"{5771: 0.1966602224274036, 5772: 0.3769131243028067, 5773: 0.24189542604082315, 5774: 0.2133430564821918, 5775: 0.4948901895251116, 5971: 0.3550857864934502, 5972: 1.0, 5973: 1.0, 5974: 1.0, 5975: 1.0, 5976: 0.500335035130156, 5871: 0.33778516137219294, 5872: 1.0, 5873: 1.0, 5874: 1.0, 5875: 0.9748839750040055, 5876: 0.06024799432814549, 6071: 0.34293954650060055, 6072: 0.9422669066067215, 6073: 0.957132116324599, 6074: 0.9750996552343206, 6075: 0.9733397049508608, 6076: 0.1592480693635239}"
30,"{2563: 0.0063710714910279334, 2564: 0.9288913040365995, 2565: 1.0, 2566: 1.0, 2567: 0.6910884066653179, 4160: 0.5189734646386375, 2063: 0.40655056203410334, 2064: 0.6930715846565692, 2065: 0.8441653445427352, 2066: 1.0, 2067: 1.0, 2068: 1.0, 2069: 0.44273206330945963, 3862: 1.0, 3863: 0.8916620573262537, 3759: 0.028663519325299997, 3760: 0.3915088097005701, 3362: 0.4959508569329376, 3363: 1.0, 3364: 0.8917384859996107, 3365: 0.4868240134374265, 3366: 0.020510684268101757, 3761: 1.0, 4060: 1.0, 4061: 1.0, 3762: 1.0, 4059: 0.21698113239296407, 2863: 0.3916186051821147, 2864: 0.9964132814968343, 2865: 1.0, 2866: 1.0, 2867: 0.9999444411648515, 2868: 0.9951942389719681, 2869: 0.6291153137208971, 2364: 0.979479047911728, 2365: 1.0, 2366: 1.0, 2367: 0.8353051635009519, 2368: 0.11149319188946427, 2369: 0.4763144105579337, 2370: 0.022636640505339648, 3959: 0.22034162627529869, 1864: 0.005514098897121867, 1865: 0.9256636485243347, 1866: 0.8811027775120923, 1867: 0.22501795662069152, 1868: 0.10708946502785761, 1869: 0.12504295589464073, 3662: 1.0, 3663: 1.0, 3664: 0.15918512405873478, 3162: 0.002372632343175553, 3163: 0.8485319861457675, 3164: 1.0, 3165: 0.9851342725425377, 3166: 0.7793590434083885, 3167: 0.08137809912936066, 2663: 0.04602955033669824, 2664: 0.9493102208921229, 2665: 1.0, 2666: 1.0, 2667: 0.9093749398690187, 2668: 0.04711873238734514, 3961: 1.0, 2163: 0.012196847627573342, 2164: 0.6938431838372526, 2165: 1.0, 2166: 1.0, 2167: 1.0, 2168: 1.0, 2169: 0.3818281704959913, 3962: 1.0, 3963: 0.7350114130571515, 3661: 0.7820536806186025, 3861: 1.0, 1665: 0.00015008923255123305, 1666: 0.11415356783999146, 3461: 0.005922727035816727, 3462: 0.8429215551115231, 3463: 1.0, 3464: 0.5517806960020225, 4162: 0.6107125121668299, 3960: 1.0, 4159: 0.09836083204040351, 4163: 0.22933499826138495, 2964: 0.3784298764874692, 2965: 0.8986839894888139, 2966: 0.5595277556597535, 2967: 0.21241159578903043, 2968: 0.1628079656628475, 2969: 0.10539592092894806, 2463: 0.0025182261805122177, 2464: 0.9975112580400093, 2465: 1.0, 2466: 1.0, 2467: 0.6150481504223886, 4062: 1.0, 1965: 0.8220378311633328, 1966: 1.0, 1967: 1.0, 1968: 1.0, 1969: 0.8518596034575966, 1970: 0.025618332243044283, 3763: 0.9951813036272613, 3764: 0.03325097803758514, 3859: 0.2222275226844552, 3262: 0.1903145986370711, 3263: 1.0, 3264: 1.0, 3265: 1.0, 3266: 0.509868328038029, 4161: 0.5734193746787408, 3660: 9.32038291516223e-05, 2763: 0.48609353384700726, 2764: 1.0, 2765: 1.0, 2766: 1.0, 2767: 1.0, 2768: 0.7207351973724585, 2769: 0.14683089265429627, 3860: 1.0, 2263: 0.0020966195442080437, 2264: 0.9787571382195734, 2265: 1.0, 2266: 1.0, 2267: 1.0, 2268: 0.9919841806827432, 2269: 0.6676838241320003, 2270: 0.013209247363011127, 4063: 0.5264089401035547, 1765: 0.5492032329734077, 1766: 0.8605572332352571, 3561: 0.31958326057547654, 3562: 1.0, 3563: 1.0, 3564: 0.3277006633666249, 3063: 0.1405392769690224, 3064: 0.7723717561293683, 3065: 0.6846946047247203}"
50,"{7046: 0.6708972756945651, 7047: 1.0, 7048: 1.0, 7049: 1.0, 7050: 1.0, 7051: 1.0, 7052: 1.0, 7053: 1.0, 7054: 0.9743326908648284, 7055: 0.17446207850616063, 6553: 0.01767402218654404, 6554: 0.06965140890004552, 6946: 0.5159245422593784, 6947: 1.0, 6948: 1.0, 6949: 1.0, 6950: 1.0, 6951: 1.0, 6952: 1.0, 6953: 1.0, 6954: 0.9980085239718034, 6955: 0.16299259660353813, 6846: 0.022428519506084762, 6847: 0.5984421970534627, 6848: 0.996107951614819, 6849: 1.0, 6850: 1.0, 6851: 1.0, 6852: 1.0, 6853: 1.0, 6854: 1.0, 6855: 0.5461755827578163, 7247: 0.06873562084292105, 7248: 0.2611559863314344, 7249: 0.12253364227185923, 7250: 0.0005425927428623472, 6748: 0.2466335304267791, 6749: 0.8535117751388293, 6750: 1.0, 6751: 1.0, 6752: 1.0, 6753: 1.0, 6754: 0.5122800630195955, 6755: 0.08519915725084234, 7146: 0.202207300089829, 7147: 0.9311528055395293, 7148: 1.0, 7149: 1.0, 7150: 0.9089084221644907, 7151: 0.6975641752530759, 7152: 0.4856655043217243, 7153: 0.26896219423292533, 7154: 0.055865417027371245, 6649: 0.036630574894805604, 6650: 0.5478416451020474, 6651: 0.6455714727713402, 6652: 0.29313254498941826, 6653: 0.8163173642498658, 6654: 0.4679485929970243}"
80,"{4736: 0.00393982497937809, 4737: 0.2417301458292969, 4738: 0.6152710403952036, 4739: 0.9610289522916349, 4740: 0.7769357816246679, 4234: 0.4819139121781533, 4235: 1.0, 4236: 1.0, 4237: 1.0, 4238: 0.9904582647254817, 4239: 0.673036157026697, 4240: 0.21356009998598668, 4633: 0.004731429581858605, 4634: 0.19364401887199534, 4635: 0.4992048115928501, 4636: 0.864787921463841, 4637: 1.0, 4638: 1.0, 4639: 1.0, 4640: 0.9999477614258216, 4641: 0.20832053358019934, 4134: 0.2045813513572817, 4135: 1.0, 4136: 0.8804902375071219, 4137: 0.4882343904912547, 4138: 0.12603053537317965, 4532: 0.41996415562256695, 4533: 0.9168969223134437, 4534: 1.0, 4535: 1.0, 4536: 1.0, 4537: 1.0, 4538: 1.0, 4539: 1.0, 4540: 1.0, 4541: 0.6452662730271314, 4034: 0.0027671241343944553, 4035: 0.2513701962937982, 4036: 0.029447249466301714, 4939: 0.001437624011930849, 4940: 0.010648977354209839, 4432: 0.02239276113156846, 4433: 0.5184052102790253, 4434: 0.9912021422895644, 4435: 1.0, 4436: 1.0, 4437: 1.0, 4438: 1.0, 4439: 1.0, 4440: 1.0, 4441: 0.9769011289177653, 4442: 0.11589343952917852, 4838: 0.0010269625462291094, 4839: 0.7666055829122005, 4840: 0.36229454527662985, 4334: 0.8070961442643708, 4335: 1.0, 4336: 1.0, 4337: 1.0, 4338: 1.0, 4339: 1.0, 4340: 0.9993266779393599, 4341: 0.7494339314417637, 4342: 0.17171764479404242}"
76,"{5632: 0.995583079759218, 5633: 0.699426044471325, 5634: 0.23268877265328958, 5128: 0.04810925649097618, 5129: 0.9208551816024814, 5130: 1.0, 5131: 1.0, 5132: 1.0, 5133: 1.0, 5134: 1.0, 5135: 1.0, 5136: 0.567440915422372, 5925: 0.6589387816189494, 5926: 0.6680872655082619, 5927: 0.32121235032590967, 5928: 0.021877973252764474, 5426: 0.04984581155531619, 5427: 0.9838078768219601, 5428: 1.0, 5429: 1.0, 5430: 1.0, 5431: 1.0, 5432: 1.0, 5433: 1.0, 5434: 1.0, 5435: 1.0, 5436: 0.6014831168746475, 4929: 0.24197540201855958, 4930: 0.9962272445460937, 4931: 0.45672371737534945, 4932: 0.5753675529176369, 4933: 0.013453884134138797, 4935: 0.4804185352808635, 4936: 0.9551159473823271, 4937: 0.13860246564783038, 5724: 0.28558650533214314, 5725: 0.6111661523969298, 5726: 0.946081212209327, 5727: 1.0, 5728: 1.0, 5729: 1.0, 5730: 0.9994339476270678, 5731: 0.7316531214216607, 5732: 0.20114636794770777, 5228: 0.4948754275452744, 5229: 1.0, 5230: 1.0, 5231: 1.0, 5232: 1.0, 5233: 1.0, 5234: 1.0, 5235: 1.0, 5236: 0.2469963370925715, 6025: 0.030346086874934536, 5524: 0.01574909694608931, 5525: 0.6076145143627115, 5526: 0.7795619158286581, 5527: 1.0, 5528: 1.0, 5529: 1.0, 5530: 1.0, 5531: 1.0, 5532: 1.0, 5533: 1.0, 5534: 0.9999990044697014, 5535: 0.7300245710478783, 5536: 0.07862905802774904, 5029: 0.43271268640980465, 5030: 1.0, 5031: 1.0, 5032: 1.0, 5033: 0.9026726831162339, 5034: 0.6814812819095374, 5035: 0.8872716533054836, 5036: 0.8841333393545268, 5037: 0.0035747112965287624, 5825: 0.071837762381884, 5826: 0.9791039456292169, 5827: 1.0, 5828: 0.925922587641835, 5829: 0.6086271411528115, 5830: 0.19898666535598253, 5327: 0.20735007667176483, 5328: 0.8518731085430985, 5329: 1.0, 5330: 1.0, 5331: 1.0, 5332: 1.0, 5333: 1.0, 5334: 1.0, 5335: 1.0, 5336: 0.13200779331486578, 4829: 0.012266467822229624, 4830: 0.05300528078645443, 4835: 0.045675032375156764, 4836: 0.03230669955373771, 5624: 0.141241520070216, 5625: 0.9734198842173456, 5626: 1.0, 5627: 1.0, 5628: 1.0, 5629: 1.0, 5630: 1.0, 5631: 1.0}"
36,"{3971: 0.12791679515409032, 3972: 1.0, 3973: 1.0, 3974: 1.0, 3975: 0.9259563528181467, 3976: 0.007663943428492693, 3472: 0.4208400994455281, 3473: 1.0, 3474: 1.0, 3475: 0.9811960963495407, 3476: 0.3889290466959444, 4375: 0.020309359200012648, 4271: 0.02548484983581644, 3870: 0.17930338109269203, 3871: 0.8739900013237448, 3872: 1.0, 3873: 1.0, 3874: 1.0, 3875: 1.0, 3876: 0.21741113748759291, 3372: 0.0016151025062896985, 3373: 0.7066503460993045, 3374: 1.0, 3375: 0.5318691117277459, 4272: 0.22607857151095734, 4273: 0.47794454171878703, 4274: 0.4926073844783064, 4275: 0.38248900545258097, 3770: 0.10942957560484176, 3771: 0.966213347970304, 3772: 1.0, 3773: 1.0, 3774: 1.0, 3775: 1.0, 3776: 0.5269195120153921, 4171: 0.13199814522662967, 3273: 0.06953026593774102, 3274: 0.7928266752851012, 3275: 0.04719938179079557, 4172: 1.0, 4173: 1.0, 4174: 1.0, 4175: 0.46188235991269083, 3670: 0.49219784349885753, 3671: 1.0, 3672: 1.0, 3673: 1.0, 3674: 1.0, 3675: 1.0, 3676: 0.791467976184122, 3174: 0.027296281512630437, 4071: 0.12454610446811558, 4072: 1.0, 4073: 1.0, 4074: 1.0, 4075: 0.6761155573260531, 3570: 0.031166649281465012, 3571: 0.5860497886592865, 3572: 0.9903226795032318, 3573: 1.0, 3574: 1.0, 3575: 1.0, 3576: 0.9717851661867765, 3577: 0.042528978897607435}"
77,"{5122: 0.16594397995186785, 5123: 0.9991267162572662, 5124: 1.0, 4229: 0.05636131150637049, 4230: 0.45737432650208326, 5125: 0.7121400355141007, 4621: 0.0032152853811955834, 4622: 0.16098282736557537, 4623: 0.9832403672848471, 4624: 1.0, 4625: 0.9988512297847033, 4626: 0.4173655355092222, 4627: 0.6857375255068904, 4628: 0.9871163596470507, 4629: 1.0, 4630: 0.4737429297456482, 5020: 0.34684354081524643, 5021: 0.19321663215253992, 5022: 0.4286314045462882, 5023: 1.0, 5024: 1.0, 5025: 0.9867908621013428, 5026: 0.11588175175858852, 4519: 0.10688909416099801, 4520: 0.4776271977576685, 4521: 0.8767199532945893, 4522: 0.9291250347508903, 4523: 1.0, 4524: 1.0, 4525: 0.9867300237234421, 4526: 0.6949973240655329, 4527: 0.8558678800216373, 4528: 1.0, 4529: 1.0, 4530: 0.9315379466049186, 4531: 0.0618877875579724, 4920: 0.0659179973123119, 4921: 0.8397073773814998, 4922: 0.9953934207289147, 4923: 1.0, 4924: 1.0, 4925: 1.0, 4926: 0.20865245553006523, 4419: 0.5426433312558219, 4420: 1.0, 4421: 1.0, 4422: 0.9300682444941089, 4423: 0.4336635430661779, 4424: 0.7541867696148213, 4425: 0.21875904609995805, 4427: 0.0004934090068618894, 4428: 0.44045128049467264, 4429: 1.0, 4430: 0.5288459200992177, 4431: 0.08802834062593665, 5224: 0.9519955421748167, 4821: 0.22289084964209563, 4822: 0.9778499445418868, 4823: 1.0, 4824: 1.0, 4825: 0.5143781450822348, 4826: 0.0017395570587997598, 4319: 0.4060979769557768, 4320: 0.9982033689259648, 4321: 0.7682366265931452, 4322: 0.47860352974608167, 4323: 0.04345189048548534, 5324: 0.12558344837795615, 5223: 0.7738932632224553, 4328: 0.015523665322194062, 4329: 0.8120066008896706, 4330: 0.4394913076636123, 4721: 0.05270646090720786, 4722: 0.6871604865302744, 4723: 0.9810598318522589, 4724: 1.0, 4725: 0.7251283427262483, 5323: 0.23749768676909913, 5225: 0.28014703589205286, 4728: 0.11648019909698694, 4729: 0.44539022788027477, 4730: 0.012091687329166014, 4219: 0.019155627575216626, 4220: 0.16216211730123628}"
44,"{7168: 1.0, 7169: 0.9967137531825214, 7170: 0.12771358928969154, 6666: 0.45945310795695704, 6667: 1.0, 6668: 0.5428590910054919, 7569: 0.6428420658849594, 7570: 1.0, 7571: 0.8910939248103241, 7066: 0.0786501430927613, 7067: 0.9426949767910519, 7068: 1.0, 7069: 0.9938852504236486, 7070: 0.16356366544573045, 7071: 0.028654243029040526, 6566: 0.4201247237786549, 6567: 0.8369791925524966, 6568: 0.04294829988145022, 7468: 0.11593639221776135, 7469: 0.978923340066693, 7470: 1.0, 7471: 0.6872146728394621, 6966: 0.5555824056360424, 6967: 1.0, 6968: 1.0, 6969: 1.0, 6970: 0.8371833312929448, 6971: 0.10542112249023543, 7870: 0.02969509356087418, 7871: 0.6307634147242597, 7872: 0.48197695779136984, 6467: 0.04251380688177275, 7368: 0.5086697918424314, 7369: 1.0, 7370: 0.9732946973016291, 7371: 0.2063903554026918, 6865: 0.08726011643187352, 6866: 0.9683484983623242, 6867: 1.0, 6868: 1.0, 6869: 0.7007835125873526, 6870: 0.0020593522479146137, 7770: 0.5150145725948095, 7771: 1.0, 7772: 0.6916992117850702, 7267: 0.0573671738789816, 7268: 0.9342526719343623, 7269: 0.9984386257382252, 7270: 0.8088016504473224, 6766: 0.3795921103782532, 6767: 1.0, 6768: 0.9490477418764391, 6769: 0.34025018168492355, 7669: 0.14028018887513305, 7670: 0.9759259199368654, 7671: 0.9999911551215427, 7672: 0.10280243590896404, 7167: 0.49296485260002626}"
51,"{7552: 0.9556042592232453, 7553: 1.0, 7554: 0.9066355049227338, 7555: 1.0, 7556: 0.617817576435185, 7054: 0.009354676579300617, 7055: 0.17039615839060274, 7056: 0.38603115093227097, 7057: 0.5711131529718212, 7058: 0.07866296668350525, 7451: 0.6829687556156671, 7452: 1.0, 7453: 1.0, 7454: 1.0, 7455: 1.0, 7456: 0.8394254166049656, 7853: 0.0015984902272391558, 7350: 0.2862788777096068, 7351: 0.9997262387100859, 7352: 1.0, 7353: 1.0, 7354: 1.0, 7355: 1.0, 7356: 0.9928658115632517, 7357: 0.05616970812906035, 7752: 0.10430309424017581, 7753: 0.41878612112350305, 7249: 0.0016635996488259517, 7250: 0.8408456176399061, 7251: 1.0, 7252: 1.0, 7253: 1.0, 7254: 1.0, 7255: 1.0, 7256: 1.0, 7257: 0.2549809385313666, 7652: 0.5017396169999455, 7653: 0.8513004149348128, 7654: 0.008712577320121626, 7655: 0.1988083338249621, 7656: 0.18189151438707493, 7150: 0.0910915778354342, 7151: 0.3024358247465152, 7152: 0.5143344956778668, 7153: 0.7310378057672792, 7154: 0.9441345829723576, 7155: 1.0, 7156: 1.0, 7157: 0.5136607367299441, 7551: 0.11716299686937182}"
39,"{5376: 0.5347804021303144, 5377: 0.8887623612976504, 5378: 0.9976904490688389, 5379: 1.0, 5380: 0.9153605383101028, 5381: 0.9891498439494557, 5382: 0.33155336488299975, 5383: 0.5516333594854755, 5384: 0.695416229732341, 5385: 0.8692763521701913, 5386: 0.04088330566965893, 5387: 0.18093239216804077, 6176: 0.8528258288742484, 6177: 0.22461253691793426, 6178: 0.15613200071556585, 6179: 0.29316486085650906, 6180: 0.4180343734485066, 6181: 0.5224676702025487, 6182: 0.6189052703875384, 6183: 0.1977918840513057, 5676: 0.4143936186120013, 5677: 1.0, 5678: 1.0, 5679: 1.0, 5680: 1.0, 5681: 1.0, 5682: 1.0, 5683: 0.9348947419928809, 5684: 0.1647924101592393, 5182: 0.011387762550703973, 5976: 0.494395005284857, 5977: 1.0, 5978: 1.0, 5979: 1.0, 5980: 1.0, 5981: 1.0, 5982: 1.0, 5983: 1.0, 5984: 1.0, 5985: 0.3474694180299691, 5476: 0.5162679105598196, 5477: 1.0, 5478: 1.0, 5479: 1.0, 5480: 1.0, 5481: 1.0, 5482: 1.0, 5483: 0.8455039415139055, 5484: 0.10853983033146868, 5485: 0.246835268548828, 5486: 0.3841463542864221, 5487: 0.45799519119742443, 6276: 0.43604861498868225, 6277: 0.04817948601985751, 5776: 0.36122917165030033, 5777: 1.0, 5778: 1.0, 5779: 1.0, 5780: 1.0, 5781: 1.0, 5782: 1.0, 5783: 1.0, 5784: 0.47621803358312353, 5785: 0.07400756584845712, 5276: 0.10812835387487442, 5277: 2.951357499005483e-08, 5278: 0.4562464630837678, 5279: 0.40783986527994454, 5280: 0.6131507347131987, 5281: 0.7876297624806279, 5282: 0.16962369776814076, 6075: 0.015867378648470057, 6076: 0.8376328375382591, 6077: 0.9997610821848713, 6078: 1.0, 6079: 1.0, 6080: 1.0, 6081: 1.0, 6082: 1.0, 6083: 0.4555524744845365, 6084: 0.11278044299302457, 6085: 0.03857710935898608, 5576: 0.48211994167945144, 5577: 1.0, 5578: 1.0, 5579: 1.0, 5580: 1.0, 5581: 1.0, 5582: 1.0, 5583: 0.8919598537565504, 5876: 0.39154669198698694, 5877: 1.0, 5878: 1.0, 5879: 1.0, 5880: 1.0, 5881: 1.0, 5882: 1.0, 5883: 1.0, 5884: 1.0, 5885: 0.32686539632944134}"
74,"{4736: 0.2572039572442162, 4737: 0.721342214034075, 4738: 0.384728959604694, 4739: 0.03897104770902985, 5136: 0.43255908457858844, 5137: 1.0, 5138: 1.0, 5139: 1.0, 5140: 1.0, 5141: 1.0, 5142: 0.8467325004716206, 4636: 0.0029643201373709357, 5036: 0.1158666606441995, 5037: 0.9964252887040305, 5038: 1.0, 5039: 1.0, 5040: 1.0, 5041: 1.0, 5042: 0.7949005742946236, 5436: 0.26369165612105233, 5437: 0.1727612100929652, 4936: 0.017210588409455718, 4937: 0.8613975343517278, 4938: 1.0, 4939: 0.9985623759875204, 4940: 0.9531549721136104, 4941: 0.6494341651785848, 4942: 0.39891712249924505, 5336: 0.8679922066857818, 5337: 0.9505162586142389, 5338: 0.3446837574674261, 5339: 0.0025951859133993955, 4836: 0.2114797900604684, 4837: 0.9720400137648919, 4838: 0.9989730374539414, 4839: 0.23339441708792202, 4840: 0.025418890768257818, 5236: 0.7530036629067394, 5237: 1.0, 5238: 1.0, 5239: 0.8260537512414948, 5240: 0.43687922475590857, 5241: 0.252902713673336, 5242: 0.08753857405802713}"
83,"{4448: 0.7958638930751043, 4545: 0.11261474771231159, 4546: 0.5184105292279725, 4547: 0.3858287515705358, 4548: 0.6095604308317147, 4444: 0.07343828913619008, 4349: 0.09429319861633369, 4145: 0.0007991878430038173, 4445: 0.6562647840575391, 4244: 0.027019914081405316, 4245: 0.8359618330451242, 4246: 0.626308631122841, 4247: 0.2861302384881921, 4248: 0.05200436257604614, 4345: 1.0, 4346: 1.0, 4347: 1.0, 4348: 0.9721801527328634, 4344: 0.5918325046789358, 4446: 1.0, 4447: 1.0}"
2,"{5760: 1.0, 5761: 0.8881973502712377, 5762: 0.46721843575327804, 5763: 0.016475117065771743, 5257: 0.13900200332016266, 5258: 0.917770419755373, 5259: 1.0, 5260: 0.7574190609032698, 5261: 0.011064247160420293, 5654: 0.1915923275382536, 5655: 0.5246376353521768, 5656: 0.5798402537020665, 5657: 0.872752319921363, 5658: 0.9897464921409449, 5659: 1.0, 5660: 1.0, 5661: 1.0, 5662: 0.9771390711420453, 5663: 0.09561977709370588, 5158: 0.22610535529990847, 5159: 0.7697018284101345, 5160: 0.09619464045145608, 5553: 0.04875582620755487, 5554: 0.8568870419984596, 5555: 1.0, 5556: 1.0, 5557: 1.0, 5558: 1.0, 5559: 1.0, 5560: 1.0, 5561: 1.0, 5562: 0.6543518280153405, 5957: 0.008756729613165584, 5958: 0.0005711118703021516, 5453: 0.0003479933057621693, 5454: 0.5327170018084438, 5455: 1.0, 5456: 0.8628855880432322, 5457: 0.8714984249640664, 5458: 1.0, 5459: 1.0, 5460: 1.0, 5461: 0.9895359679641647, 5462: 0.1984871939394274, 5857: 0.05511613441041726, 5858: 0.7543580804228868, 5859: 0.5089379443892964, 5860: 0.3663082020878122, 5861: 0.046993346874009946, 5354: 0.006035531137233355, 5355: 0.4777409260562504, 5356: 0.0989481055250591, 5357: 0.29824949335427053, 5358: 1.0, 5359: 1.0, 5360: 1.0, 5361: 0.5075059586886689, 5758: 0.5118957600556305, 5759: 1.0}"
68,"{6144: 0.3009179215122092, 6145: 0.9587591993554163, 6146: 0.32059522029746, 7041: 0.8409532856317204, 7042: 0.2510675268781296, 6542: 0.03297355293371091, 6543: 0.5416556260592488, 6544: 0.984917027528751, 6545: 0.9927036131101503, 6546: 0.24106598326160525, 7140: 0.04065407188394309, 6447: 0.12372344640006831, 6940: 0.283767029210798, 6941: 1.0, 6942: 0.9311338342563775, 6943: 0.1397942714937833, 6444: 0.19285339521645845, 6445: 0.7998332713976563, 6446: 0.841528228292385, 6045: 0.09151792808583274, 6840: 0.31429354557924044, 6841: 1.0, 6842: 1.0, 6843: 0.8321730687334257, 6844: 0.0500596936530766, 6345: 0.5740721311439535, 6346: 1.0, 6347: 0.9330793064018028, 6348: 0.07001356337967285, 6740: 0.27716075202665247, 6741: 0.993730109522738, 6742: 1.0, 6743: 1.0, 6744: 0.6736975414388765, 6745: 0.004668936330570416, 7141: 0.0004545247461814174, 7040: 0.34819872039720423, 6244: 0.23962484779398507, 6245: 0.9927535520015331, 6246: 0.9851013757339303, 6247: 0.3722391395875078, 6641: 0.24471674288599032, 6642: 0.8492878847065589, 6643: 1.0, 6644: 1.0, 6645: 0.49102239780356055}"
55,"{6145: 0.0267912147565494, 6146: 0.6794047797032899, 6147: 1.0, 6148: 0.9964898382263078, 6149: 0.49815986521489897, 5645: 0.05442916558707134, 5646: 0.7931023340988788, 5647: 0.660117124448526, 5844: 0.14811751385403682, 5845: 1.0, 5846: 1.0, 5847: 0.9321009551471777, 5848: 0.7737486118026236, 5849: 0.7901063931081744, 5850: 0.7376804801770301, 5851: 0.10370190668810392, 6044: 0.001681034015504116, 6045: 0.7112053465837065, 6046: 1.0, 6047: 1.0, 6048: 1.0, 6049: 0.9998734821969738, 6050: 0.46330541080009285, 6246: 0.014898624264637278, 6247: 0.5457098702711802, 6248: 0.2542146268797696, 5546: 0.07747131101647393, 5547: 0.4130587735795421, 5744: 0.05472162482973514, 5745: 0.7517006127121231, 5746: 1.0, 5747: 0.6926633406140277, 5944: 0.16864367106869446, 5945: 1.0, 5946: 1.0, 5947: 1.0, 5948: 1.0, 5949: 1.0, 5950: 0.9971566628878289, 5951: 0.34044431273335607}"
3,"{5761: 0.10963649144088197, 5762: 0.016656582910323157, 5957: 0.3065173918163237, 5958: 0.9994288881302055, 5959: 1.0, 5960: 1.0, 5961: 1.0, 5962: 1.0, 5963: 0.14791316949836544, 6157: 0.08862994554467836, 6158: 1.0, 6159: 1.0, 6160: 1.0, 6161: 1.0, 6162: 0.8156741266453156, 6163: 0.1529699374384751, 6358: 0.23843663730133688, 6359: 0.13784598262627362, 5857: 1.98852876903179e-06, 5858: 0.1700566213356834, 5859: 0.49106205561029453, 5860: 0.6336917979124606, 5861: 0.9530066531249577, 5862: 0.7856290597399718, 5863: 0.0008391141448001751, 6057: 0.2149039741586941, 6058: 1.0, 6059: 1.0, 6060: 1.0, 6061: 1.0, 6062: 1.0, 6063: 0.4102722732911081, 6257: 0.0004448584384266435, 6258: 0.8299930914729554, 6259: 0.9975576921646095, 6260: 0.8081934480236808, 6261: 0.32877578447629324, 6262: 0.015741999439414588}"
12,"{3854: 0.543230177687986, 3855: 0.9999798365719468, 3856: 1.0, 3857: 1.0, 3858: 1.0, 3859: 0.7777724773156176, 4054: 0.1433783547120807, 4055: 0.5677913315253594, 4056: 0.8512840529328375, 4057: 1.0, 4058: 1.0, 4059: 0.7830188676073444, 4256: 0.002283762761011447, 4257: 0.18965717065133855, 4258: 0.35093085437843013, 4259: 0.26950246203806966, 3755: 0.005982082396584828, 3756: 0.060273114296533925, 3757: 0.09937963938041243, 3758: 0.11848003558096004, 3759: 0.09436693428814893, 3954: 0.3041572742002899, 3955: 1.0, 3956: 1.0, 3957: 1.0, 3958: 1.0, 3959: 0.7796583737252325, 4156: 0.0737927213593957, 4157: 1.0, 4158: 1.0, 4159: 0.7378060527043122}"
43,"{7680: 0.9549846285025925, 7681: 1.0, 7682: 0.07685849289459852, 7173: 0.1131068618162926, 7174: 0.3705730807814351, 7175: 0.7156075357734102, 7176: 1.0, 7177: 0.9987140420173201, 7178: 0.6233437794127206, 7179: 0.06195523031788374, 7575: 0.17069013958283788, 7576: 0.9795980423338753, 7577: 1.0, 7578: 1.0, 7579: 1.0, 7580: 1.0, 7581: 0.9995103412904794, 7582: 0.052292492587422676, 7072: 0.10236318790485913, 7073: 0.8608791967288385, 7074: 1.0, 7075: 1.0, 7076: 0.8971988385420852, 7077: 0.2951866655810428, 7474: 0.20434780560366364, 7475: 0.8842821291333747, 7476: 1.0, 7477: 1.0, 7478: 1.0, 7479: 1.0, 7480: 1.0, 7481: 1.0, 7482: 0.6243247476821782, 7483: 0.6801396291410147, 6972: 0.02983070070244593, 6973: 0.6975227748520076, 6974: 0.5165580606063641, 6975: 0.29447080190123326, 6976: 0.04871661271069783, 7375: 0.7825930155274697, 7376: 1.0, 7377: 1.0, 7378: 1.0, 7379: 1.0, 7380: 1.0, 7381: 1.0, 7382: 0.9306050662075017, 7383: 0.6434260124499891, 7384: 0.11552934473954704, 7780: 0.0020362917448974597, 7781: 0.11958016081856823, 7782: 0.027246241215908233, 7484: 0.23438348378219895, 7275: 0.4629441162420289, 7276: 1.0, 7277: 1.0, 7278: 1.0, 7279: 0.8739425196408921, 7280: 0.4498662216399708, 7281: 0.1815927566581967, 7282: 0.015652414563308487, 7676: 0.34324396954747777, 7677: 0.6220359048642319, 7678: 0.46346996514280064, 7679: 0.7020961539376854}"
45,"{7169: 0.0032862468163694977, 7170: 0.8722864107100965, 7171: 1.0, 7172: 1.0, 7173: 0.8868931381840692, 7174: 0.6294269192184968, 7175: 0.2843924642272245, 7571: 0.10890607518998544, 7572: 1.0, 7573: 1.0, 7574: 1.0, 7575: 0.7135225117337457, 7069: 0.006114749576078785, 7070: 0.8364363345543566, 7071: 0.9713457569715868, 7072: 0.8976368120946333, 7073: 0.13912080327152726, 7471: 0.3127853271604157, 7472: 1.0, 7473: 1.0, 7474: 0.7956521943968815, 7475: 0.11571787086739996, 6971: 0.49104182279355124, 6972: 0.6812254661257897, 6973: 0.033257365280209165, 7872: 0.022021566693451747, 7873: 0.4736340255164657, 7874: 0.031003529867868196, 7370: 0.026705302697275127, 7371: 0.793609644596483, 7372: 1.0, 7373: 1.0, 7374: 1.0, 7375: 0.2174069844735551, 7772: 0.30830078821597157, 7773: 1.0, 7774: 0.5136046706914299, 7269: 0.0015613742616991094, 7270: 0.19119834955516954, 7271: 1.0, 7272: 1.0, 7273: 1.0, 7274: 1.0, 7275: 0.5370558837566787, 7671: 8.84487864275155e-06, 7672: 0.8971975640909096, 7673: 1.0, 7674: 0.9374404840389441, 7675: 0.07335361719150044}"
27,"{6976: 0.2554675316817595, 6977: 0.9977519869532476, 6978: 0.9481857459105961, 6979: 0.2168431250796379, 6473: 0.4184457646569052, 6474: 0.5898026184371158, 6475: 0.006653318096154581, 7180: 0.8995003994257896, 7181: 0.12669920886191555, 6673: 2.6380363542483428e-05, 6674: 0.5471688808730195, 6675: 1.0, 6676: 0.4295816815639993, 7382: 0.000157007279826831, 7179: 0.9380447696821724, 6875: 0.012736818171447332, 6876: 0.6654433962311519, 6877: 0.9722685820221358, 6878: 0.2630558491511312, 7077: 0.704813334418077, 7280: 0.5501337783600974, 7076: 0.10280116145683554, 6373: 3.8767037621751075e-06, 7078: 1.0, 7079: 0.9303252204183727, 7080: 0.16903139245221585, 7279: 0.12605748035984796, 6573: 0.45385604045358013, 6574: 1.0, 6575: 0.568236401883917, 6576: 7.679619671873168e-06, 7281: 0.6674543084599264, 7282: 0.06405553079459787, 7177: 0.0012859579830797059, 6774: 0.0043077881407153455, 6775: 0.6180663126054888, 6776: 0.9923124681482964, 6777: 0.3392624368205996, 7178: 0.3766562205874669}"
46,"{6659: 0.4237396014139426, 6660: 0.9683678952547847, 6661: 1.0, 6662: 0.37656223418694457, 8456: 0.04346665198193069, 8457: 0.011105799455636518, 7956: 0.010959053195391963, 7957: 0.6404537710994179, 7958: 1.0, 7959: 1.0, 7960: 1.0, 7961: 0.27098317169106695, 7962: 0.0417690527967685, 7963: 0.31798236546398617, 7964: 0.16778011912874594, 7456: 0.160574583394702, 7457: 1.0, 7458: 1.0, 7459: 1.0, 7460: 0.8309805458055284, 6958: 0.15474788944556045, 6959: 0.9466915876975872, 6960: 0.7441672292236177, 6961: 0.5260195966009739, 6962: 0.30955613721958497, 6963: 0.0600393242226341, 8256: 0.4311504082700031, 8257: 1.0, 8258: 0.6494790357584691, 8259: 0.005212775083146697, 7756: 0.3513345115373819, 7757: 0.8848478997544051, 7758: 1.0, 7759: 1.0, 7760: 1.0, 7761: 0.15835675013648198, 7257: 0.745019061467575, 7258: 1.0, 7259: 1.0, 7260: 0.5615729226668998, 6759: 0.33364791349582823, 6760: 1.0, 6761: 1.0, 6762: 0.7801622447546758, 8056: 0.06726116612581205, 8057: 0.7232222717876823, 8058: 1.0, 8059: 0.8886338366011484, 8060: 0.48600033400184733, 8061: 0.5449414841312192, 8062: 0.7540175831840917, 8063: 0.735477541675122, 8064: 0.1278990164793847, 7556: 0.38218242356619997, 7557: 1.0, 7558: 1.0, 7559: 1.0, 7560: 0.838108976479707, 7561: 0.005948140177920522, 7057: 0.034295760398825065, 7058: 0.8126131931532999, 7059: 0.923360154256582, 7060: 0.003752234718953963, 6560: 0.06633081869763574, 6561: 0.4130104274043432, 6562: 0.04450234710424254, 8356: 0.5238700381759751, 8357: 0.7448356838766987, 8358: 0.19844473878048077, 7856: 0.010111614416736065, 7857: 0.9038440014593515, 7858: 1.0, 7859: 1.0, 7860: 1.0, 7861: 0.20322423272578308, 7356: 0.007134188436443191, 7357: 0.9438302918701804, 7358: 1.0, 7359: 1.0, 7360: 0.8208406437976054, 6859: 0.3946935068234282, 6860: 1.0, 6861: 1.0, 6862: 0.999516845442052, 6863: 0.17885528409802692, 8156: 0.3136526478229884, 8157: 1.0, 8158: 0.9924274260732132, 8159: 0.36593741039139827, 8162: 0.1642872466604573, 7656: 0.5777021198903255, 7657: 1.0, 7658: 1.0, 7659: 1.0, 7660: 1.0, 7661: 0.10665676020534447, 7157: 0.48633926327071964, 7158: 1.0, 7159: 1.0, 7160: 0.22209862304710096}"
81,"{4544: 0.647874956629335, 4545: 0.8817876003680658, 4546: 0.4815894707767346, 4547: 0.6141712484315789, 4548: 0.08917699975963454, 4743: 0.462055603646541, 4744: 1.0, 4745: 1.0, 4746: 1.0, 4747: 1.0, 4748: 0.9909787244981986, 4749: 0.3083143915439784, 4942: 0.04104192581651656, 4943: 0.0799541655823502, 4444: 0.08459316757661389, 4445: 0.019295232625779174, 4643: 0.08501527608643752, 4644: 0.9723421797148197, 4645: 1.0, 4646: 1.0, 4647: 1.0, 4648: 0.5502831066357391, 4649: 0.08460881913239082, 4842: 0.010825289987394238, 4843: 0.8674771568987245, 4844: 0.8300839355541267, 4845: 0.58362149895026, 4846: 0.330389626255962, 4847: 0.11477535771013501, 4848: 0.0506886989560703}"
58,"{5440: 0.0013028748206306588, 5441: 0.5173403603972621, 5442: 0.9998959340997001, 5243: 0.02698582295779313, 5444: 0.04337554175327669, 5542: 0.45056947500901506, 5543: 0.9833821741085144, 5544: 0.34325451105791926, 5643: 0.383831566857623, 5644: 0.83064475321122, 5744: 0.19387564938570964, 5443: 0.7441336758478306, 5239: 0.09415973468654877, 5240: 0.5631207752442279, 5241: 0.747097286325982, 5242: 0.8337122098866512, 5339: 0.008971429722180714, 5340: 0.5814244671269679, 5341: 1.0, 5342: 1.0, 5343: 0.5127885502004765}"
42,"{8067: 0.09495822099493217, 8068: 0.9812085215736897, 8069: 0.3725707760472125, 8070: 0.055402702337803915, 7565: 0.08667986570509553, 7566: 0.9773328172924719, 7567: 1.0, 7568: 1.0, 7569: 0.3571579341162065, 7063: 0.06829983936018176, 7064: 0.9661689532344523, 7065: 1.0, 7066: 0.9213498569074252, 7067: 0.057305023208480334, 7967: 0.47099221771642763, 7968: 1.0, 7969: 1.0, 7970: 0.2924301050402629, 7465: 0.4507667564482192, 7466: 1.0, 7467: 1.0, 7468: 0.8840636077817529, 7469: 0.02107665993319446, 6963: 0.40409822536235485, 6964: 1.0, 6965: 1.0, 6966: 0.44441759436317535, 7866: 0.0028531445669202986, 7867: 0.8580722173393327, 7868: 1.0, 7869: 1.0, 7870: 0.7395466503068189, 7871: 0.05099156651212737, 7364: 0.002061389673100053, 7365: 0.8371092106724828, 7366: 1.0, 7367: 1.0, 7368: 0.49133020815817235, 6863: 0.002219261193386424, 6864: 0.13763321933176859, 6865: 0.35210799656030506, 6866: 0.02829576741894026, 7766: 0.2527588101465602, 7767: 1.0, 7768: 1.0, 7769: 1.0, 7770: 0.48498542740566736, 7264: 0.23901818904642141, 7265: 1.0, 7266: 1.0, 7267: 0.9426328261213287, 7268: 0.06574732806569694, 8168: 0.4135337581759292, 8169: 0.15304501563180284, 7666: 0.659941756226911, 7667: 1.0, 7668: 1.0, 7669: 0.8597198111244544, 7670: 0.02407408006251526, 7164: 0.6372041876247809, 7165: 1.0, 7166: 1.0, 7167: 0.5070351473993359}"
14,"{5568: 1.0, 5569: 0.9381968068094504, 5570: 0.44379413649302346, 5571: 0.021605272655243653, 5766: 0.123555542590758, 5767: 0.8732749123571544, 5768: 0.30559473627710815, 5770: 0.029320434177011044, 5465: 0.019374129084290075, 5466: 0.6639008710515742, 5467: 0.5178943291927357, 5468: 0.3287944917682072, 5469: 0.06864361953536996, 5665: 0.013043132715069574, 5666: 0.762884722665012, 5667: 1.0, 5668: 0.9956139207590636, 5669: 0.7253261230156682, 5670: 0.836084031786053, 5671: 0.06095735661053984, 5867: 0.022462070411742852, 5565: 0.234113663686125, 5566: 1.0, 5567: 1.0}"
16,"{5767: 0.06623366544448255, 5768: 0.6944052637235817, 5769: 1.0, 5770: 0.970679565822494, 5771: 0.678103911511163, 5967: 0.0008773251484782156, 5968: 0.6866349412214028, 5969: 1.0, 5970: 1.0, 5971: 0.6449142135029015, 5668: 0.004386079240191107, 5669: 0.27467387698366696, 5670: 0.16391596821468132, 5671: 0.5728639578862589, 5867: 0.3382118790070883, 5868: 1.0, 5869: 1.0, 5870: 1.0, 5871: 0.6622148386259101, 6068: 0.07782446487177837, 6069: 0.8785754719231231, 6070: 0.9237417855500794, 6071: 0.5906804769329769}"
28,"{5376: 0.11179680773336594, 5377: 0.11123763870234958, 5378: 0.0023095509312922318, 5487: 0.019545054138176775, 5380: 0.0846394616899719, 5381: 0.010850156050987683, 5382: 0.6684466351170685, 5383: 0.448366640514388, 5384: 0.30458377026800004, 5385: 0.13072364783059567, 5386: 0.9591166943308866, 5387: 0.7900944681970996, 5486: 0.18133861938127918, 5271: 0.11676392420269584, 5272: 0.4576843447197351, 5273: 0.46798117290111213, 5274: 0.5164182306841041, 5275: 0.92824957301966, 5276: 0.891871646125705, 5277: 0.9999999704861746, 5278: 0.543753536916329, 5279: 0.5921601347206693, 5280: 0.38684926528670993, 5281: 0.2123702375185436, 5282: 0.830376302231279, 5283: 1.0, 5284: 1.0, 5285: 1.0, 5286: 1.0, 5287: 0.8051419881365545, 5171: 0.2543353273373786, 5172: 1.0, 5173: 1.0, 5174: 1.0, 5175: 1.0, 5176: 1.0, 5177: 1.0, 5178: 1.0, 5179: 1.0, 5180: 1.0, 5181: 1.0, 5182: 0.9886122374497847, 5183: 1.0, 5184: 1.0, 5185: 1.0, 5186: 1.0, 5187: 0.6065012577442378, 5071: 0.09835602818048286, 5072: 0.3978827621393383, 5073: 0.37941025919238586, 5074: 0.602387487494565, 5075: 1.0, 5076: 1.0, 5077: 1.0, 5078: 1.0, 5079: 1.0, 5080: 1.0, 5081: 1.0, 5082: 1.0, 5083: 1.0, 5084: 1.0, 5085: 1.0, 5086: 1.0, 5087: 0.6593742984355005, 5485: 0.03313569885344827, 4974: 0.1323973115857922, 4975: 0.38283323410327713, 4976: 0.3857333947015561, 4977: 0.38641591938418063, 4978: 0.39688243759631464, 4979: 0.4054229404329459, 4980: 0.4097513270238242, 4981: 0.4123535308113339, 4982: 0.42504554573190195, 4983: 0.4296216551555486, 4984: 0.4337729678076391, 4985: 0.44221976260018236, 4986: 0.45096747296265144, 4987: 0.38533007627758115, 5375: 0.05585294745552464}"
15,"{5764: 0.21780733259460938, 5765: 0.9886429698928616, 5766: 0.876444457409958, 5767: 0.06049142219768026, 5965: 0.01435554017861991, 5966: 0.7650211024904047, 5967: 0.9991226748506945, 5968: 0.31336505877801396, 6167: 0.2991170305898322, 6168: 0.3899634935149443, 6169: 0.0007068628681649841, 5664: 0.6554610048433076, 5665: 0.9869568672843453, 5666: 0.23711527733453097, 5865: 0.5092729022673154, 5866: 1.0, 5867: 0.6393260505829821, 6066: 0.11266077215887461, 6067: 0.9257575028567394, 6068: 0.9221755351283301, 6069: 0.08269947587122871, 5564: 0.01836343486923621, 5565: 0.25624783081669783}"
4,"{6656: 0.08041696535588132, 6657: 0.17692434605044594, 6658: 0.2633338248204301, 6659: 0.2906064628180193, 6660: 0.031632104744317165, 6157: 0.28383106885538495, 6551: 0.2314756285051063, 6552: 0.923865197078769, 6553: 0.9823259778134048, 6554: 0.899679345425501, 6555: 0.9826336444693731, 6556: 1.0, 6557: 1.0, 6558: 1.0, 6559: 1.0, 6560: 0.9336691813031109, 6561: 0.5345695719229907, 6452: 0.21907167540415676, 6453: 0.962273856385022, 6454: 1.0, 6455: 1.0, 6456: 1.0, 6457: 1.0, 6458: 1.0, 6459: 1.0, 6460: 1.0, 6461: 0.5889457303682127, 6353: 0.24262998438301656, 6354: 0.8312444520582245, 6355: 0.9981618127151686, 6356: 1.0, 6357: 1.0, 6358: 0.7615633626994649, 6359: 0.8621540173742436, 6360: 0.9999577265000923, 6361: 0.19517632446581956, 6255: 0.060711944765560626, 6256: 0.42248525439754364, 6257: 0.9796260599078035, 6258: 0.17000690852667244, 6259: 0.0024423078353994665, 6260: 0.1785374570836953, 6651: 0.3419172000667915, 6652: 0.7068674550099001, 6653: 0.18368263575046606, 6655: 0.00466671344352414}"
25,"{6272: 1.0, 6273: 1.0, 6274: 1.0, 6275: 1.0, 6276: 0.10990944771674656, 6473: 0.001412426407012498, 6474: 0.09947524436775655, 6169: 0.01905075703252229, 6170: 0.47178781589036856, 6171: 0.9973194932044221, 6172: 1.0, 6173: 1.0, 6174: 1.0, 6175: 1.0, 6176: 0.14717417112596304, 6371: 0.00481999113541096, 6372: 0.44029827962198453, 6373: 0.8276884655667585, 6374: 0.9784499679017801, 6375: 0.6106296427021061, 6376: 0.030643547062945427, 6069: 0.021918200366552783, 6070: 0.07625821444322195, 6071: 0.0663799765596163, 6072: 0.05773309339331258, 6073: 0.042867883675017454, 6074: 0.0249003447653853, 6075: 0.01079291640108471, 6076: 0.0031190930966635195, 6271: 0.5315069710906607}"
24,"{6468: 0.03600628438696968, 6469: 0.6823881288173715, 6470: 0.8809880553249584, 6471: 1.0, 6472: 1.0, 6473: 0.580141808936725, 6669: 0.022720786506141233, 6670: 0.7106162460071135, 6671: 0.24840765137937776, 6370: 0.5110952209003106, 6371: 0.995180008864747, 6372: 0.5597017203854804, 6373: 0.1723076577357693, 6568: 0.07195611941918979, 6569: 0.8905350547352892, 6570: 1.0, 6571: 0.9999972488203085, 6572: 0.678591265053359, 6573: 0.037011918091009344, 6770: 0.003886389349337831, 6270: 0.2392596877774181, 6271: 0.43531640317274795}"
5,"{5761: 0.0021661582885276975, 5762: 0.5161249813364461, 5763: 0.9835248829338761, 5764: 0.7821926674058107, 5765: 0.011357030107836744, 6668: 0.4571409089952633, 6669: 0.9772792134935709, 6670: 0.09040181250300057, 6163: 0.5967115164396607, 6164: 1.0, 6165: 1.0, 6166: 1.0, 6167: 0.6566083938703801, 5663: 0.19500832496229642, 5664: 0.1562393481143078, 6566: 0.24421487063163144, 6567: 0.16302080744680086, 6568: 0.8809520091707017, 6569: 0.10946494526457345, 6063: 0.5897277267082961, 6064: 1.0, 6065: 1.0, 6066: 0.8873392278405072, 6067: 0.07424249714305103, 6465: 0.2976742894911134, 6466: 0.9924275465116051, 6467: 0.9572307185273659, 6468: 0.334057348020615, 5963: 0.8520868305031503, 5964: 1.0, 5965: 0.9856444598217828, 5966: 0.23497889751007184, 6364: 0.1662440753796994, 6365: 0.9437317777960401, 6366: 1.0, 6367: 0.6304417673808584, 5862: 0.21437094025999573, 5863: 0.9991608858539182, 5864: 1.0, 5865: 0.4907270977318307, 6768: 0.050952258122957665, 6769: 0.47543331105940406, 6770: 0.0451065771190512, 6263: 0.06597183339996668, 6264: 0.8568704217391918, 6265: 1.0, 6266: 0.9965784361757418, 6267: 0.21141645901816503}"
82,"{4035: 0.10927765976274587, 4036: 0.9704991652576355, 4037: 1.0, 4038: 1.0, 4039: 1.0, 4040: 0.8349834701875721, 4041: 0.43882868445524026, 4042: 0.05748238829592431, 4238: 0.009541735274194805, 4239: 0.32696384297301306, 4240: 0.7864399000142358, 4241: 1.0, 4242: 1.0, 4243: 1.0, 4244: 0.9729800859185451, 4245: 0.09916767804263033, 4443: 0.015651595908588004, 4444: 0.0021039740359913425, 3936: 0.7258419542192975, 3937: 0.9588126386759261, 3938: 0.6159893680682289, 3939: 0.2271953930494881, 3940: 0.0012874994636501514, 4136: 0.11950976249329982, 4137: 0.5117656095084724, 4138: 0.8739694646275354, 4139: 1.0, 4140: 1.0, 4141: 1.0, 4142: 0.9576016741031933, 4143: 0.6301262912177515, 4144: 0.2867805914783745, 4145: 0.02252930199722248, 4340: 0.000673322060664226, 4341: 0.25056606855835567, 4342: 0.7100065872369482, 4343: 0.9129377304432724, 4344: 0.3958367833076878, 3836: 0.07480215439500808, 3837: 0.06682821442988345}"
1,"{5255: 0.012533869596943227, 5256: 0.8102033856479853, 5257: 0.8609979966788485, 5258: 0.08222958024361737, 5260: 0.24258093909700906, 5261: 0.9889357528400383, 5262: 1.0, 5263: 0.7103174090195388, 4756: 0.10286701535611704, 4757: 0.6336350517707265, 4758: 0.9560875361241338, 4759: 1.0, 4760: 0.862296620710241, 4761: 0.5019361119073126, 4762: 5.853037660789756e-06, 5155: 0.2321235967030922, 5156: 1.0, 5157: 1.0, 5158: 0.7738946447002674, 5159: 0.2302981715894563, 5160: 0.903805359548087, 5161: 1.0, 5162: 1.0, 5163: 0.9661538551579013, 4658: 0.03676583163636296, 4659: 0.20947883660370442, 4660: 0.015586214185112461, 5055: 0.6393704850016172, 5056: 1.0, 5057: 1.0, 5058: 1.0, 5059: 1.0, 5060: 1.0, 5061: 1.0, 5062: 1.0, 5063: 0.6371704436998954, 5456: 0.13711441195640017, 5457: 0.12850157503524928, 5461: 0.01046403203600787, 5462: 0.12942958906940488, 4954: 0.006741413011912688, 4955: 0.9158843145869414, 4956: 1.0, 4957: 1.0, 4958: 1.0, 4959: 1.0, 4960: 1.0, 4961: 1.0, 4962: 0.9158507735094878, 4963: 0.0836555041571502, 5355: 0.12373478165433538, 5356: 0.9010518944751188, 5357: 0.7017505066471617, 5361: 0.4924940413108665, 5362: 0.881792049171473, 5363: 0.09744376053541762, 4855: 0.22620261235309105, 4856: 0.9032745141717777, 4857: 1.0, 4858: 1.0, 4859: 1.0, 4860: 1.0, 4861: 1.0, 4862: 0.33495081694300655}"
47,"{7360: 0.17915935620289214, 7361: 1.0, 7362: 1.0, 7363: 1.0, 7364: 0.9979386103273139, 7365: 0.16289078932624662, 7560: 0.1618910235206706, 7561: 0.7284429652535835, 7562: 0.7939354284460549, 7563: 0.5548722384668469, 7564: 0.16199534798870624, 7059: 0.07663984574296483, 7060: 0.9962477652824131, 7061: 1.0, 7062: 1.0, 7063: 0.9317001606398843, 7064: 0.033831046765063454, 7260: 0.43842707733358144, 7261: 1.0, 7262: 1.0, 7263: 1.0, 7264: 0.7609818109517673, 7460: 0.16901945419386716, 7461: 1.0, 7462: 1.0, 7463: 1.0, 7464: 0.9980307912817643, 7465: 0.42920916684757354, 6959: 0.009238810093228175, 6960: 0.255832770776655, 6961: 0.4739804033986172, 6962: 0.690443862780415, 6963: 0.5116983714151044, 7160: 0.7779013769516214, 7161: 1.0, 7162: 1.0, 7163: 1.0, 7164: 0.3627958123756983}"
26,"{6976: 0.695815855607748, 6977: 0.002248013046650132, 6670: 0.19898194149002132, 6671: 0.7515923486208244, 6672: 1.0, 6673: 0.9999736196362281, 6674: 0.45283111912795077, 6869: 0.29921648741362245, 6870: 0.9979406477526792, 6871: 1.0, 6872: 1.0, 6873: 1.0, 6874: 1.0, 6875: 0.9872631818272298, 6876: 0.33455660376915164, 6571: 2.751180057364151e-06, 6572: 0.321408734946641, 6573: 0.5091320414553754, 6769: 0.184316507254892, 6770: 0.9510070335314438, 6771: 1.0, 6772: 1.0, 6773: 1.0, 6774: 0.9956922118582555, 6775: 0.3819336873947668, 6970: 0.16281666870743594, 6971: 0.40353705471590146, 6972: 0.28894383317189165, 6973: 0.26921985986751057, 6974: 0.4834419393935677, 6975: 0.7055291980991757}"
59,"{5443: 0.2558663241518244, 5444: 0.9566244582469797, 5445: 1.0, 5446: 0.6230582472461367, 5447: 0.013230558572470897, 5644: 0.1573740825199087, 5645: 0.9455708344117396, 5646: 0.20689766590073372, 5144: 0.004739467606427503, 5145: 0.09788823361226962, 5146: 0.003393008103783849, 5343: 0.48721144979882397, 5344: 1.0, 5345: 1.0, 5346: 0.6919245878340233, 5347: 0.015601274028597893, 5544: 0.6567454889410118, 5545: 1.0, 5546: 0.9225286889834675, 5547: 0.12443647854250683, 5744: 0.12940076438952394, 5745: 0.2482993872883894, 5242: 0.07292489879086285, 5243: 0.9247035609268772, 5244: 0.9703029036993367, 5245: 1.0, 5246: 0.5850197880557357, 5247: 0.0076076221636836305}"
38,"{4876: 0.7069789075319077, 4877: 1.0, 4878: 1.0, 4879: 1.0, 4880: 1.0, 4881: 1.0, 4882: 1.0, 4883: 1.0, 4884: 1.0, 4885: 1.0, 4886: 0.9906742521341441, 4887: 0.19278968384211123, 4888: 0.0009010765133178096, 4379: 0.07226677050153274, 4380: 0.7898788573584268, 4381: 0.6206959002112566, 4382: 0.9996378538742479, 4383: 1.0, 4384: 1.0, 4385: 1.0, 4386: 0.20950090839702132, 3883: 0.005847901357342568, 3884: 0.44484964628577045, 3885: 0.999536413901191, 3886: 0.11148624486372077, 4676: 0.7382094147829382, 4677: 1.0, 4678: 1.0, 4679: 1.0, 4680: 1.0, 4681: 1.0, 4682: 1.0, 4683: 1.0, 4684: 1.0, 4685: 0.1678567440579163, 4183: 0.7550177694947312, 4184: 1.0, 4185: 0.9949276280121021, 4186: 0.01910379568762048, 4976: 0.42011358204091415, 4977: 0.6135840806055199, 4978: 0.603117562390453, 4979: 0.5945770595539581, 4980: 0.5902486729722197, 4981: 0.5876464691777528, 4982: 0.574954454267416, 4983: 0.5703783448512723, 4984: 0.5662270322030014, 4985: 0.5577802374050015, 4986: 0.5490325270358479, 4987: 0.5238634576267304, 4988: 0.008613088038503336, 4478: 0.06549787850344517, 4479: 0.7973384037757165, 4480: 1.0, 4481: 1.0, 4482: 1.0, 4483: 1.0, 4484: 1.0, 4485: 0.7364625394700517, 4486: 0.024006736088927786, 3982: 0.06252607237580851, 3983: 0.8166928405815723, 3984: 0.8803298918530852, 3985: 0.9798031517823816, 3986: 0.043298509686986765, 4776: 0.7123534896822891, 4777: 1.0, 4778: 1.0, 4779: 1.0, 4780: 1.0, 4781: 1.0, 4782: 1.0, 4783: 1.0, 4784: 1.0, 4785: 0.61700153394339, 4786: 0.257862025327957, 4280: 0.006739035970291744, 4282: 0.4493134758065566, 4283: 0.9426843614616414, 4284: 1.0, 4285: 0.9897711707379842, 4286: 0.01981199546354068, 3784: 0.10041762637360242, 3785: 0.13168691427721077, 4576: 0.2172355948455172, 4577: 0.3103732680575927, 4578: 0.7993225622923035, 4579: 1.0, 4580: 1.0, 4581: 1.0, 4582: 1.0, 4583: 1.0, 4584: 1.0, 4585: 0.32234511738727534, 4082: 0.009331088785010504, 4083: 0.9531645568814504, 4084: 1.0, 4085: 0.9454107242314925}"
73,"{5632: 0.0044169202405281395, 5633: 0.30057395552922056, 5634: 0.7673112273464509, 5635: 1.0, 5636: 1.0, 5637: 1.0, 5638: 1.0, 5639: 1.0, 5640: 1.0, 5641: 1.0, 5642: 1.0, 5643: 0.6161684331422417, 5644: 0.011981164269580662, 5925: 0.024607291914726645, 5926: 0.33191273449228353, 5927: 0.6787876496742267, 5928: 0.978122026748067, 5929: 1.0, 5930: 1.0, 5931: 1.0, 5932: 1.0, 5933: 1.0, 5934: 1.0, 5935: 1.0, 5936: 1.0, 5937: 1.0, 5938: 1.0, 5939: 1.0, 5940: 1.0, 5941: 0.8776915188974278, 5942: 0.5343442581688129, 5943: 0.1708795443109541, 5436: 0.13482522700552121, 5437: 0.8272387899067339, 5438: 1.0, 5439: 1.0, 5440: 0.9986971251789281, 5441: 0.4826596396030747, 5442: 0.00010406590120107724, 6225: 0.08835818255732096, 6226: 0.8295258062087475, 6227: 0.5692558906424651, 6228: 0.004979441748702358, 6231: 0.282086738780028, 6232: 0.774249930442723, 6233: 0.9754581339091607, 6234: 0.9995129904498564, 6235: 0.597754762315578, 6236: 0.03312883678383546, 5730: 0.0005660523724867835, 5731: 0.26834687857888473, 5732: 0.7988536320529365, 5733: 1.0, 5734: 1.0, 5735: 1.0, 5736: 1.0, 5737: 1.0, 5738: 1.0, 5739: 1.0, 5740: 1.0, 5741: 1.0, 5742: 1.0, 5743: 1.0, 5744: 0.5303596274606839, 5239: 0.07978651407326627, 6025: 0.7895111989997337, 6026: 1.0, 6027: 1.0, 6028: 1.0, 6029: 1.0, 6030: 1.0, 6031: 1.0, 6032: 1.0, 6033: 1.0, 6034: 1.0, 6035: 1.0, 6036: 0.759166818379644, 6037: 0.5457883975380708, 6038: 0.7720837128373987, 6039: 0.5858218283245208, 6040: 0.2358941560687486, 6041: 0.004432662988203481, 5534: 9.955302107266301e-07, 5535: 0.2699754289522581, 5536: 0.9213709419710712, 5537: 1.0, 5538: 1.0, 5539: 1.0, 5540: 1.0, 5541: 1.0, 5542: 0.5494305249901235, 5543: 0.01661782589213755, 6325: 0.010613273358867992, 6326: 0.42675068327443594, 6327: 0.0009001979225598939, 6332: 0.09465307077875922, 6333: 0.22441524056791698, 6334: 0.11862617518608393, 5828: 0.0740774123566801, 5829: 0.39137285884718853, 5830: 0.8010133346437303, 5831: 1.0, 5832: 1.0, 5833: 1.0, 5834: 1.0, 5835: 1.0, 5836: 1.0, 5837: 1.0, 5838: 1.0, 5839: 1.0, 5840: 1.0, 5841: 1.0, 5842: 1.0, 5843: 0.9704758527339215, 5844: 0.07658952325977884, 5337: 0.049483741386435826, 5338: 0.6553162425324376, 5339: 0.988433384362804, 5340: 0.4185755328741088, 6125: 0.8289041597202296, 6126: 1.0, 6127: 1.0, 6128: 0.4787806056082615, 6129: 0.32336439014575463, 6130: 0.719992802192119, 6131: 0.9999615828006446, 6132: 1.0, 6133: 1.0, 6134: 1.0, 6135: 1.0, 6136: 0.6167795849518941}"
8,"{3968: 0.15226280017873503, 4361: 0.07473387580747551, 4362: 1.0, 4363: 1.0, 4364: 1.0, 4365: 0.9330365647785513, 4366: 0.25005100305383104, 3863: 0.10833794267385574, 3864: 1.0, 3865: 0.8006836577506393, 4261: 0.015008932000119175, 4262: 0.9937157241904039, 4263: 1.0, 4264: 1.0, 4265: 1.0, 4266: 0.9747175660976395, 4267: 0.3858914207008251, 3763: 0.004818696373191251, 3764: 0.6292468977127282, 3765: 0.435405315805068, 4162: 0.3697271793817106, 4163: 0.7706650017383561, 4164: 1.0, 4165: 1.0, 4166: 1.0, 4167: 0.8342847544265832, 4168: 0.0034960086371752333, 4564: 6.083996324055904e-05, 4063: 0.47359105989650874, 4064: 1.0, 4065: 1.0, 4066: 1.0, 4067: 0.9703700126037305, 4068: 0.06772957367125962, 4461: 0.11419452435170184, 4462: 0.8313698171583331, 4463: 0.8289685382906539, 4464: 0.8120704100490558, 4465: 0.16564773164401114, 3963: 0.26498858694250976, 3964: 1.0, 3965: 0.9900846747488242, 3966: 0.823111524434317, 3967: 0.6044924746715545}"
10,"{5252: 0.6712607489264416, 5253: 1.0, 5254: 1.0, 5255: 0.9874661304030493, 5256: 0.18979661435653294, 5452: 0.11704369201426337, 5453: 0.847865409111841, 5454: 0.4672829981973999, 4752: 0.015848941497682872, 4753: 0.6333336448943742, 4754: 1.0, 4755: 0.8308867707864536, 4756: 0.09051092444583124, 4951: 0.2733532659032078, 4952: 1.0, 4953: 1.0, 4954: 0.9932585869885306, 4955: 0.08411568541492355, 5152: 0.8737206712507386, 5153: 1.0, 5154: 1.0, 5155: 0.7678764032973306, 5352: 0.4645524437512145, 5353: 1.0, 5354: 0.9939644688636292, 5355: 0.39852429229734165, 4653: 0.00529434398447413, 4654: 0.30175955652981784, 4655: 0.07982191986687831, 5553: 0.04162944089138904, 4851: 0.03176849953425786, 4852: 0.6916347087340629, 4853: 1.0, 4854: 1.0, 4855: 0.7737973876552436, 4856: 0.0965887011420167, 5051: 0.08772351273949396, 5052: 0.9992053115113994, 5053: 1.0, 5054: 1.0, 5055: 0.3606295149956865}"
40,"{7180: 0.1004996005731274, 7181: 0.8733007911391012, 7182: 0.6494965053953391, 7183: 0.5421006809008171, 7184: 0.9612468315078836, 7185: 0.999881203874718, 7186: 0.11319885127272383, 6676: 0.5704183184361737, 6677: 1.0, 6678: 1.0, 6679: 1.0, 6680: 1.0, 6681: 0.6896259679101769, 6683: 0.04575758956942183, 6684: 0.05770443648619524, 6177: 0.7753874630824972, 6178: 0.8438679992844341, 6179: 0.7068351391429455, 6180: 0.5819656265512207, 6181: 0.47753232979717863, 6182: 0.3810947296123252, 6183: 0.0768569644087527, 6978: 0.05181425408908544, 6979: 0.7831568749239766, 6980: 1.0, 6981: 0.9609290589170626, 6983: 0.3492284144652725, 6984: 0.27612002326653057, 6985: 0.0458762874319848, 6474: 0.31072213720469094, 6475: 0.9933466819055172, 6476: 1.0, 6477: 1.0, 6478: 1.0, 6479: 1.0, 6480: 1.0, 6481: 1.0, 6482: 1.0, 6483: 1.0, 6484: 0.1857653342221605, 7281: 0.1509529348896263, 7282: 0.9202920546448723, 7283: 1.0, 7284: 1.0, 7285: 1.0, 7286: 0.07400768145505435, 6776: 0.007687531853343884, 6777: 0.6607375631857267, 6778: 1.0, 6779: 1.0, 6780: 1.0, 6781: 0.36776800526851394, 6276: 0.45404193729473, 6277: 0.9518205139798543, 6278: 1.0, 6279: 1.0, 6280: 1.0, 6281: 1.0, 6282: 1.0, 6283: 0.30278243569172464, 7079: 0.06967477958309606, 7080: 0.8309686075507569, 7081: 0.9814177746191444, 7082: 0.0006433097173178327, 7083: 0.38476805068936837, 7084: 1.0, 7085: 0.9834752457009217, 7086: 0.3086896536769573, 6575: 0.43176359811861, 6576: 0.9999923203804114, 6577: 1.0, 6578: 1.0, 6579: 1.0, 6580: 1.0, 6581: 0.6536049762586109, 6582: 0.623102436809408, 6583: 0.8758681060865297, 6584: 0.30422410690049434, 6077: 0.00023891781482954626, 7382: 0.06923792651540854, 7383: 0.35657398755750713, 7384: 0.5558691499179804, 7385: 0.4959995916902905, 7386: 0.05396993722166919, 6877: 0.02773141797723019, 6878: 0.7369441508452174, 6879: 1.0, 6880: 1.0, 6881: 0.5505673207442696, 6374: 0.02155003209746045, 6375: 0.38937035729789393, 6376: 0.9693564529368826, 6377: 1.0, 6378: 1.0, 6379: 1.0, 6380: 1.0, 6381: 1.0, 6382: 1.0, 6383: 0.9999970434219316, 6384: 0.09410791104203065}"
64,"{3853: 0.0015240045457103877, 3854: 0.003974649110974202, 3343: 0.5006028803190473, 3344: 1.0, 3345: 0.9510573433290093, 3346: 0.4041304546505039, 3347: 0.5282011358591402, 3348: 1.0, 3349: 1.0, 3350: 0.9240613509837091, 3351: 0.371076028926407, 3745: 0.06071999078684842, 3746: 0.6170435581976478, 3747: 0.6921537691388541, 3748: 0.7309082494357519, 3749: 0.7793194937235096, 3750: 0.8331917639652708, 3751: 0.8778637309615948, 3752: 0.9364131027194005, 3753: 0.9714086745509395, 3754: 0.07849280452493511, 3243: 0.4020433764647049, 3244: 0.6633036798755367, 3245: 0.05081753063266058, 3247: 0.04094977288716343, 3248: 0.7208463934678773, 3249: 0.9777839896698892, 3250: 0.2746883476109503, 3251: 0.02562096385858555, 3644: 0.05084537167310792, 3645: 0.760590273268354, 3646: 1.0, 3647: 1.0, 3648: 1.0, 3649: 1.0, 3650: 1.0, 3651: 1.0, 3652: 1.0, 3653: 0.6641907441962015, 3143: 0.022667883459178566, 3144: 0.38624510693136194, 3149: 0.3211012158024101, 3544: 0.5624668739695787, 3545: 1.0, 3546: 1.0, 3547: 1.0, 3548: 1.0, 3549: 1.0, 3550: 1.0, 3551: 1.0, 3552: 0.8598627814884288, 3553: 0.08824059350568711, 3443: 0.0844486732710042, 3444: 0.9604193941912583, 3445: 1.0, 3446: 0.9890610351333192, 3447: 0.9907372956337211, 3448: 1.0, 3449: 1.0, 3450: 1.0, 3451: 0.9113215101584569, 3452: 0.12389845371317149}"
63,"{3840: 1.0, 3841: 1.0, 3842: 1.0, 3843: 1.0, 3844: 1.0, 3845: 1.0, 3846: 1.0, 3847: 0.9704398770290461, 3848: 0.2384227011095394, 4245: 0.02404121215596401, 3737: 0.3623961140393238, 3738: 0.823388790180611, 3739: 0.31030852025331407, 3740: 0.7523390502731268, 3741: 1.0, 3742: 1.0, 3743: 1.0, 3744: 1.0, 3745: 0.9392800092129655, 3746: 0.3829564418026934, 3747: 0.3078462308606, 3748: 0.1680194971052126, 4142: 0.04239832589789089, 4143: 0.3698737087820438, 4144: 0.713219408521489, 4145: 0.9224169188818109, 4146: 0.0535339813670557, 3637: 0.1399378884412943, 3638: 0.5453184839879435, 3640: 0.0868007721225695, 3641: 0.8561080167156611, 3642: 0.39877782151354113, 3643: 0.1957208359506799, 3644: 0.9153446683370352, 3645: 0.23940972673206737, 4040: 0.16501652981316106, 4041: 0.5611713155443504, 4042: 0.9425176117033641, 4043: 1.0, 4044: 1.0, 4045: 1.0, 4046: 0.4676654668865438, 3538: 0.3586596457913409, 3539: 0.027074040855368072, 3541: 0.08786030144876951, 3542: 0.1107954795949145, 3544: 0.14557332103215995, 3937: 0.041187361324115476, 3938: 0.38401063193197577, 3939: 0.772804606950691, 3940: 0.9987125005359198, 3941: 1.0, 3942: 1.0, 3943: 1.0, 3944: 1.0, 3945: 1.0, 3946: 0.9843214546889963, 3947: 0.3138000504498343, 3438: 0.00036470784171593315, 3439: 0.010657306752217837, 3836: 0.023365552489261584, 3837: 0.8721834777838906, 3838: 1.0, 3839: 1.0}"
33,"{2953: 0.28178219409184113, 2954: 1.0, 2955: 1.0, 2956: 1.0, 2957: 0.861780771882372, 2454: 0.7770683045857677, 2455: 1.0, 2456: 1.0, 2457: 0.9913003975828946, 2458: 0.2454570419821382, 3356: 0.07690927862597065, 3357: 0.008704218029623328, 2853: 0.2976016299279507, 2854: 0.9636394609133053, 2855: 1.0, 2856: 1.0, 2857: 0.8118908007952363, 2354: 0.40577545138908166, 2355: 0.64507107296094, 2356: 0.9867107118113083, 2357: 0.505939774514552, 3254: 0.48590723982245343, 3255: 0.9461873289987757, 3256: 0.9805133710569318, 3257: 0.24291278157953208, 2754: 0.7916561433008092, 2755: 1.0, 2756: 1.0, 2757: 0.8795174813156791, 2256: 0.03384782538877361, 2257: 0.03071440889026864, 3154: 0.8504685496598221, 3155: 1.0, 3156: 1.0, 3157: 0.4263560796303734, 2654: 0.7877060638359286, 2655: 1.0, 2656: 1.0, 2657: 0.9523989975511011, 2658: 0.0005543851298658135, 3053: 0.09181204439752953, 3054: 0.9999743745484199, 3055: 1.0, 3056: 1.0, 3057: 0.43069416263768645, 2554: 0.7726608577097999, 2555: 1.0, 2556: 1.0, 2557: 1.0, 2558: 0.07350488913298954}"
21,"{6368: 1.0, 6369: 1.0, 6370: 0.4889047791002684, 6171: 0.002680506794053521, 6468: 0.6299363675909291, 6469: 0.3176118711822194, 6470: 0.11901194467455542, 6568: 0.004143571529357242, 6367: 0.3695582326211181, 6269: 1.0, 6467: 0.00025547459026297804, 6069: 0.0168068518374589, 6167: 0.04427457553870963, 6168: 0.6100365064846466, 6169: 0.9802423801015325, 6170: 0.5282121841138073, 6267: 0.7885835409816175, 6268: 1.0, 6266: 0.003421563824701317, 6270: 0.7607403122216114, 6271: 0.033176625735431904}"
54,"{6347: 0.004940373858007373, 6148: 0.0035101617747079414, 6149: 0.22986497659195337, 6150: 0.27136715680453305, 6151: 0.2999995379292147, 6152: 0.34087315154019554, 6153: 0.3970571779696754, 6154: 0.4350862682224783, 6155: 0.11351196023335713, 6348: 0.5632913486361342, 6349: 1.0, 6350: 1.0, 6351: 1.0, 6352: 1.0, 6353: 0.7573700156174047, 6354: 0.16245278747885702, 6550: 0.42918263000265666, 6551: 0.7605636938144954, 6552: 0.07613480292211051, 6247: 0.08205099014042522, 6248: 0.7457853731190549, 6249: 1.0, 6250: 1.0, 6251: 1.0, 6252: 1.0, 6253: 1.0, 6254: 0.9794973155998887, 6255: 0.07367011658116662, 6448: 0.0005002680242745794, 6449: 0.4925626407806512, 6450: 0.9992403876651387, 6451: 1.0, 6452: 0.780928324596886, 6453: 0.037726143616124586, 6651: 0.0007544364951436358}"
41,"{6464: 1.0, 6465: 0.7023257105096796, 6466: 0.0075724534886050954, 6662: 0.623437765813855, 6663: 1.0, 6664: 1.0, 6665: 1.0, 6666: 0.5405468920413082, 6862: 0.0004831545577700699, 6863: 0.8189254547072509, 6864: 0.862366780668504, 6865: 0.5606318870082985, 6162: 0.1843258733546671, 6163: 0.25031854612119386, 6360: 4.227349966749735e-05, 6361: 0.8048236755348798, 6362: 1.0, 6363: 1.0, 6364: 0.8337559246207131, 6365: 0.05626822220331501, 6866: 0.0033557342189931114, 6561: 0.05242000067234694, 6562: 0.9554976528953801, 6563: 1.0, 6564: 1.0, 6565: 1.0, 6566: 0.3356604055892863, 6762: 0.2198377552439751, 6763: 1.0, 6764: 1.0, 6765: 1.0, 6766: 0.6204078896231164, 6963: 0.02416407900032922, 6260: 0.013269094892925368, 6261: 0.671224215523434, 6262: 0.9842580005606227, 6263: 0.9340281666000788, 6264: 0.14312957825978714, 6461: 0.41105426963144487, 6462: 1.0, 6463: 1.0}"
70,"{4942: 0.16634567014049428, 4943: 0.9200458344178304, 4944: 1.0, 4945: 1.0, 4946: 1.0, 4947: 1.0, 4948: 0.2824836120903351, 5142: 0.153267499527826, 5143: 1.0, 5144: 0.9952605323926017, 5145: 0.8701503900925753, 5146: 0.024460825902807955, 4843: 0.005659853702322872, 4844: 0.16991606444566865, 4845: 0.41637850104973995, 4846: 0.6696103737439015, 4847: 0.8852246422891488, 4848: 0.2324192286480731, 5042: 0.2050994257049947, 5043: 1.0, 5044: 1.0, 5045: 1.0, 5046: 0.400284848497872, 5047: 0.42696166759516085, 5048: 0.2233360364113153, 5242: 0.005824317264543458, 5243: 0.048310616115343735, 5244: 0.029697096301466473}"
56,"{4748: 0.009021275500976518, 4749: 0.6560271946739085, 4750: 0.5927769397195592, 4751: 0.14602586674092188, 4948: 0.717516387909952, 4949: 1.0, 4950: 1.0, 4951: 0.7266467340953994, 5148: 0.14744256145909815, 5149: 0.7667110949333034, 5150: 0.6684089087008089, 5151: 0.5659221101317168, 5152: 0.03820996824433196, 4649: 0.00011856462339454376, 4848: 0.7168920723971313, 4849: 1.0, 4850: 1.0, 4851: 0.9578227564993586, 4852: 0.14491244064150818, 5048: 0.5909374747297365, 5049: 1.0, 5050: 1.0, 5051: 0.9122764872575627, 5052: 0.0007946884877661398}"
84,"{5249: 0.15452120383803067, 5250: 0.4440478312291734, 5251: 0.3500950063913531, 5647: 0.3398828755527459, 5648: 1.0, 5649: 1.0, 5650: 1.0, 5651: 1.0, 5652: 0.4599716552649059, 6050: 0.016654228544689648, 6051: 0.1456119143648434, 5547: 0.42955122177467886, 5548: 1.0, 5549: 1.0, 5550: 1.0, 5551: 0.9353698250818931, 5552: 0.015053569353649257, 5950: 0.002843337112251025, 5951: 0.6054956962667573, 5952: 0.3399368184570759, 5953: 7.458334637610837e-05, 5447: 0.11590041817204955, 5448: 0.8811614581637537, 5449: 1.0, 5450: 1.0, 5451: 0.6488273396887103, 5847: 0.06789904485332231, 5848: 0.22625138819819463, 5849: 0.2098936068917574, 5850: 0.26231951982310625, 5851: 0.8962980933118122, 5852: 1.0, 5853: 0.7199416172603315, 5854: 0.05191412070532321, 5348: 0.15424710748134257, 5349: 0.9091746654432245, 5350: 1.0, 5351: 0.255456400476846, 5747: 0.30733665938549265, 5748: 1.0, 5749: 1.0, 5750: 1.0, 5751: 1.0, 5752: 0.9995634008448312, 5753: 0.5072148118191607, 5754: 0.0014924525393490357}"
20,"{4770: 0.7220350172639616, 4771: 0.7659839639668856, 4168: 0.011055571654667144, 4268: 0.7409701004780498, 4269: 0.9634378426672312, 4270: 0.8551740402850443, 4271: 0.0014559841737877388, 4368: 0.5153797828203004, 4369: 1.0, 4370: 0.7978857335883887, 4468: 0.046152251484854225, 4469: 0.901270729261111, 4470: 0.6993675777191062, 4569: 0.3743738844120887, 4570: 0.8200202597821079, 4571: 0.32200507798545985, 4669: 0.006948254422075553, 4670: 0.8364593005372818, 4671: 0.7992911793034118}"
62,"{3847: 0.029560122971494924, 3848: 0.7615772988858716, 3849: 1.0, 3850: 1.0, 3851: 1.0, 3852: 1.0, 3853: 0.9984759954498744, 3854: 0.44427622824091334, 4245: 0.040829276755527034, 4246: 0.3736913688772954, 4247: 0.713869761511535, 4248: 0.935277651029681, 4249: 0.6605592838514667, 4250: 0.027820542808622846, 3748: 0.10107225345796944, 3749: 0.2206805062776845, 3750: 0.16680823602916778, 3751: 0.12213626902683893, 3752: 0.06358689727705111, 3753: 0.012707836868738043, 4145: 0.05425459127669797, 4146: 0.9464660186310513, 4147: 1.0, 4148: 1.0, 4149: 1.0, 4150: 0.6072088466362429, 4151: 0.018647135923706946, 4046: 0.5323345331104654, 4047: 1.0, 4048: 1.0, 4049: 1.0, 4050: 1.0, 4051: 0.8947115986794741, 4052: 0.7097381855163621, 4053: 0.6393822696394693, 4054: 0.4274025237284222, 3946: 0.01567854530875174, 3947: 0.6861999495466938, 3948: 1.0, 3949: 1.0, 3950: 1.0, 3951: 1.0, 3952: 1.0, 3953: 1.0, 3954: 0.695842725790821}"
19,"{4865: 0.004849951297543554, 4866: 0.8001369629638808, 4867: 1.0, 4868: 1.0, 4869: 1.0, 4870: 1.0, 4871: 0.7812970086591537, 4568: 0.07431856451852399, 4569: 0.36096730706000507, 4765: 0.10321302101074993, 4766: 0.8507986801738202, 4767: 1.0, 4768: 1.0, 4769: 1.0, 4770: 0.27796498273709147, 4771: 0.024032392623448955, 4966: 0.43500774463376807, 4967: 0.6814739055149611, 4968: 0.6704532039496465, 4969: 0.6618795753920154, 4970: 0.6584348037630487, 4971: 0.5109190642924604, 4666: 0.022355262327401083, 4667: 0.4419845962004785, 4668: 0.9355437724855743, 4669: 0.993051745578099, 4670: 0.16354069946205463}"
75,"{4736: 0.738856217776354, 4737: 0.03692764013711661, 4930: 0.003772755453932414, 4931: 0.5432762826250342, 4932: 0.4246324470827894, 4933: 0.9865461158650766, 4934: 1.0, 4929: 0.3442270892770114, 4936: 0.027673464207784833, 4630: 0.5262570702543296, 4631: 1.0, 4632: 1.0, 4633: 0.9952685704178277, 4634: 0.806355981128576, 4635: 0.5007951884070817, 4636: 0.13224775839911654, 4829: 0.34259777367857597, 4830: 0.9469947192136042, 4831: 1.0, 4832: 1.0, 4833: 1.0, 4834: 1.0, 4835: 0.9543249676246405, 4836: 0.7562135103862313, 4837: 0.02795998623479821, 5033: 0.09732731688409958, 5034: 0.3185187180904626, 4935: 0.5195814647195693, 5035: 0.11272834669462511, 4530: 0.06846205339450602, 4531: 0.8493687374486106, 4532: 0.36853804460953266, 4533: 0.08310307768694802, 4729: 0.10331579447502363, 4730: 0.9879083126710032, 4731: 1.0, 4732: 1.0, 4733: 1.0, 4734: 1.0, 4735: 1.0}"
79,"{4544: 0.3521250433699794, 4545: 0.005597651925759709, 4740: 0.22306421837612805, 4741: 1.0, 4742: 1.0, 4743: 0.5379443963525332, 4940: 0.0361960505313131, 4941: 0.35056583482189274, 4942: 0.3936952815436499, 4441: 0.023098871081849937, 4442: 0.8841065604699173, 4443: 0.9843484040910336, 4444: 0.8398645692531292, 4445: 0.3244399833139157, 4640: 5.22385738750994e-05, 4641: 0.7916794664192722, 4642: 1.0, 4643: 0.9149847239140597, 4644: 0.02765782028536201, 4840: 0.612286563956189, 4841: 1.0, 4842: 0.9891747100126325, 4843: 0.12686298939811758, 4342: 0.11827576796970732, 4343: 0.08706226955635231, 4344: 0.012330712012850423, 4541: 0.3547337269735229, 4542: 1.0, 4543: 1.0}"
18,"{5569: 0.06180319319058713, 5570: 0.5562058635069425, 5571: 0.680445572696347, 5266: 0.5827621404902451, 5267: 0.6380599505065261, 5268: 0.6261017831736378, 5269: 0.60818712477646, 5270: 0.5986237211673769, 5271: 0.4249952301077679, 5465: 0.0001614068805091336, 5466: 0.3345720929521918, 5467: 0.48210567080767347, 5468: 0.6712055082320656, 5469: 0.9313563804647422, 5470: 1.0, 5471: 0.7075892719987222, 5671: 0.0503480440081068, 5366: 0.9437727613960423, 5367: 1.0, 5368: 1.0, 5369: 1.0, 5370: 1.0, 5371: 0.7189374602663695}"
71,"{6532: 0.02112649288731022, 6533: 0.8214031841019268, 6534: 1.0, 6535: 1.0, 6536: 1.0, 6537: 1.0, 6538: 0.813398828975149, 6539: 0.015319015662068902, 6036: 0.24083318162100406, 6037: 0.4542116024617928, 6038: 0.22791628716212398, 6039: 0.41417817167561555, 6040: 0.4070970736184843, 6432: 0.2211210309731228, 6433: 1.0, 6434: 1.0, 6435: 1.0, 6436: 1.0, 6437: 1.0, 6438: 0.7094336830612501, 6439: 0.2086548952482059, 6440: 0.03395131262148659, 6330: 0.04377268797074066, 6331: 0.6443673912060631, 6332: 0.7403278264772866, 6333: 0.7755847594323024, 6334: 0.8813738248130305, 6335: 1.0, 6336: 1.0, 6337: 1.0, 6338: 1.0, 6339: 1.0, 6340: 0.5159350029722234, 6736: 0.1047732438272096, 6737: 0.03825053004988434, 6230: 0.4487891071758938, 6231: 0.7179132612194922, 6232: 0.2257500695562877, 6233: 0.024541866090641327, 6234: 0.0004870095513103267, 6235: 0.40224523768455833, 6236: 0.9668711632152047, 6237: 1.0, 6238: 1.0, 6239: 1.0, 6240: 0.5337427265550683, 6633: 0.1743365899485142, 6634: 0.665330297209066, 6635: 0.8395220391283081, 6636: 0.9984888409959453, 6637: 0.8899173048150906, 6638: 0.34919867866915416, 6639: 0.003944700128946162, 6130: 0.06617821783599122, 6131: 3.8417199552423924e-05, 6136: 0.38322041504909565, 6137: 1.0, 6138: 1.0, 6139: 1.0, 6140: 0.5607355830451694}"
17,"{5066: 0.7134727979960287, 5067: 1.0, 5068: 1.0, 5069: 1.0, 5070: 1.0, 5071: 0.7656434205516996, 5266: 0.28415829048381863, 5267: 0.36194004949292835, 5268: 0.37389821682574836, 5269: 0.39181287522347186, 5270: 0.4013762788321563, 5271: 0.3081084343698972, 4966: 0.21259663993214983, 4967: 0.31852609448503894, 4968: 0.3295467960500807, 4969: 0.33812042460778, 4970: 0.3415651962368148, 4971: 0.2636859246321317, 5166: 0.7754946788754524, 5167: 1.0, 5168: 1.0, 5169: 1.0, 5170: 1.0, 5171: 0.7456646726613001}"
61,"{4352: 0.9920157975690497, 4353: 1.0, 4354: 1.0, 4355: 1.0, 4356: 0.3144857825675505, 4553: 0.36530142463385146, 4554: 1.0, 4555: 0.9211413636309043, 4556: 0.24541708005430737, 4753: 0.11968720112029504, 4051: 0.10528840132118374, 4052: 0.2902618144832285, 4053: 0.3606177303601895, 4054: 0.4292191215603684, 4055: 0.4164708914212965, 4248: 0.012717986394115177, 4249: 0.3394407161488062, 4250: 0.9721794571905845, 4251: 1.0, 4252: 1.0, 4253: 1.0, 4254: 1.0, 4255: 1.0, 4256: 0.15010407167794482, 4452: 0.09035007571223541, 4453: 0.7938815127149168, 4454: 1.0, 4455: 1.0, 4456: 0.487164755131856, 4348: 0.02781598572935118, 4653: 0.36151724285546116, 4654: 0.6982404434703186, 4655: 0.19316616436350256, 4150: 0.3927911533645821, 4151: 0.9813528640762145, 4152: 1.0, 4153: 1.0, 4154: 1.0, 4155: 0.9715201483900016, 4156: 0.014861978404874755, 4349: 0.3334855771961356, 4350: 0.6230496019186221, 4351: 0.8649067340862173}"
60,"{4352: 0.007984202430442395, 4548: 0.3012625694108886, 4549: 1.0, 4550: 1.0, 4551: 1.0, 4552: 1.0, 4553: 0.6346985753661075, 4749: 0.03565841378393171, 4750: 0.4072230602816686, 4751: 0.8539741332684275, 4752: 0.9841510585025287, 4753: 0.24697915398042128, 4448: 0.2041361069251973, 4449: 1.0, 4450: 1.0, 4451: 1.0, 4452: 0.9096499242883109, 4453: 0.2061184872846014, 4648: 0.4497168933689766, 4649: 0.9152726162452961, 4650: 1.0, 4651: 1.0, 4652: 1.0, 4653: 0.6331884131610048, 4851: 0.010408743967529869, 4852: 0.16345285062207415, 4348: 3.861538106835207e-06, 4349: 0.5722212241881447, 4350: 0.3769503980813778, 4351: 0.13509326591359508}"
53,"{7552: 0.04439574077618364, 7947: 0.020223754120067425, 7948: 0.6929411576196393, 7949: 0.9853995183169066, 7950: 1.0, 7951: 1.0, 7952: 1.0, 7953: 0.40631478937620824, 7446: 0.18150348315755505, 7447: 0.9851266127849219, 7448: 1.0, 7449: 1.0, 7450: 1.0, 7451: 0.3170312443832408, 8349: 0.013942081483986906, 8350: 0.36754761336132125, 7845: 0.11183185987504118, 7847: 0.36736740726799927, 7848: 1.0, 7849: 1.0, 7850: 1.0, 7851: 1.0, 7852: 1.0, 7853: 0.28893911837496333, 7347: 0.5426620410657461, 7348: 1.0, 7349: 1.0, 7350: 0.7137211222914926, 7351: 0.00027376129105343073, 8249: 0.3524914217698718, 8250: 0.9971988923179428, 8251: 0.09531394518848317, 7744: 0.029822822221313473, 7745: 0.7384154236770863, 7746: 0.4639526037701369, 7747: 0.40760466951008084, 7748: 1.0, 7749: 1.0, 7750: 1.0, 7751: 1.0, 7752: 0.8956969057594046, 7753: 0.014609421341631058, 7247: 0.037219060312913936, 7248: 0.6849728861856917, 7249: 0.8758027580794852, 7250: 0.1586117896169302, 8149: 0.6727906243819884, 8150: 1.0, 8151: 0.3974448456581639, 7645: 0.39268050604397203, 7646: 0.636114803471879, 7647: 0.16459500337674268, 7648: 0.8672618526442987, 7649: 1.0, 7650: 1.0, 7651: 1.0, 7652: 0.4982603830002685, 8049: 0.8511867632307355, 8050: 1.0, 8051: 0.8640482789631413, 8052: 0.5330424808678574, 8053: 0.000526019516836134, 7545: 0.00630472345436499, 7546: 0.7722427372676206, 7547: 1.0, 7548: 1.0, 7549: 1.0, 7550: 1.0, 7551: 0.8828370031308396}"
49,"{6656: 0.9195830346444169, 6657: 0.8230756539493155, 6658: 0.7366661751792972, 6659: 0.2856539357679694, 6855: 0.45382441724165606, 6856: 1.0, 6857: 1.0, 6858: 1.0, 6859: 0.6053064931760784, 7054: 0.016312632556933437, 7055: 0.6551417631032366, 7056: 0.6139688490675927, 7057: 0.39459108662920517, 7058: 0.10872384016437506, 6554: 0.030669245674570113, 6555: 0.01736635553131742, 6754: 0.48771993698138805, 6755: 0.914800842748844, 6756: 1.0, 6757: 1.0, 6758: 1.0, 6759: 0.6663520865039524, 6954: 0.001991476027813734, 6955: 0.8370074033966464, 6956: 1.0, 6957: 1.0, 6958: 0.8452521105535871, 6959: 0.04406960221102056, 6654: 0.5320514070025028, 6655: 0.9953332865564086}"
11,"{5251: 0.19963991988144805, 5252: 0.27068994827774445, 5451: 0.3511726603116272, 5452: 0.8829563079861809, 5453: 0.15178659758227633, 5652: 0.5400283447329243, 5653: 1.0, 5654: 0.8084076724612453, 5655: 0.475362364647755, 5656: 0.42015974629772895, 5657: 0.12724768007821077, 5658: 0.010253507859851607, 5854: 0.3705119886232874, 5855: 0.6637030212416898, 5856: 0.7764456658371413, 5857: 0.8651929267409337, 5858: 0.07558529824192364, 5351: 0.7445435995210488, 5352: 0.5354475562441472, 5551: 0.06463017491812217, 5552: 0.984946430644567, 5553: 0.9096147329039181, 5554: 0.14311295800240903, 5752: 0.00043659915438409917, 5753: 0.492785188173458, 5754: 0.9985075474609887, 5755: 1.0, 5756: 1.0, 5757: 1.0, 5758: 0.4881042399435417}"
69,"{6144: 0.6990820784873005, 6145: 0.01444958588851566, 7434: 0.178663020592097, 7435: 1.0, 7436: 1.0, 7437: 0.8233903830694638, 7438: 0.11603902905524792, 7536: 0.5667628433565327, 6931: 0.017234405776231535, 6932: 0.2835379239848854, 6933: 0.6260851401445635, 6934: 0.9455481970178711, 6935: 1.0, 6936: 1.0, 6937: 1.0, 6938: 1.0, 6939: 1.0, 6940: 0.7162329707892007, 6438: 0.29056631693755747, 6439: 0.7913451047513169, 6440: 0.9660486873777316, 6441: 1.0, 6442: 1.0, 6443: 1.0, 6444: 0.807146604784133, 6445: 0.20016672860282902, 5941: 0.122308481102498, 5942: 0.46565574183091435, 5943: 0.8291204556886642, 5944: 0.8313563289318534, 7229: 0.4345620293337138, 7230: 1.0, 7231: 1.0, 7232: 1.0, 7233: 0.9446000419977092, 7234: 0.9974515486427381, 7235: 1.0, 7236: 1.0, 7237: 1.0, 7238: 1.0, 7239: 0.8771847071004084, 7240: 0.10954909858764633, 6737: 0.668785822260108, 6738: 1.0, 6739: 1.0, 6740: 0.7228392479732407, 6741: 0.006269890477422077, 6240: 0.46625727344441953, 6241: 1.0, 6242: 1.0, 6243: 1.0, 6244: 0.7603751522069089, 6245: 0.007246447999734003, 7534: 0.036445115966088834, 7535: 0.6890327138700406, 5744: 0.09164233393463211, 7537: 0.034958972271295546, 7030: 0.553101909946285, 7031: 0.9162389297019844, 7032: 1.0, 7033: 1.0, 7034: 1.0, 7035: 1.0, 7036: 1.0, 7037: 1.0, 7038: 1.0, 7039: 1.0, 7040: 0.6518012796031014, 6538: 0.18660117102490456, 6539: 0.9846809843383196, 6540: 1.0, 6541: 1.0, 6542: 0.9670264470666451, 6543: 0.4583443739404786, 6544: 0.015082972471290305, 6040: 0.35700877031332, 6041: 0.9955673370117992, 6042: 1.0, 6043: 1.0, 6044: 0.9983189659845493, 6045: 0.19727672532964166, 7329: 0.24297940425375, 7330: 0.5238811408909148, 7331: 0.46253026730604585, 7332: 0.41562491794188966, 7333: 0.05345730684541944, 7334: 0.05846098420045621, 7335: 0.6742816613147867, 7336: 0.9778724340745212, 7337: 1.0, 7338: 0.8708956065032688, 7339: 0.11547862857245363, 6834: 0.032599343356033136, 6835: 0.3151977267300897, 6836: 0.6420769689041756, 6837: 0.9627677425208327, 6838: 1.0, 6839: 1.0, 6840: 0.6857064544198864, 6340: 0.4840649970286813, 6341: 1.0, 6342: 1.0, 6343: 1.0, 6344: 1.0, 6345: 0.4259278688562827, 5843: 0.02952414726612512, 5844: 0.775292962884998, 7129: 0.13195098779386774, 7130: 0.999688027458563, 7131: 1.0, 7132: 1.0, 7133: 1.0, 7134: 1.0, 7135: 1.0, 7136: 1.0, 7137: 1.0, 7138: 1.0, 7139: 1.0, 7140: 0.4929963181397455, 6637: 0.10895448226509186, 6638: 0.650801321330816, 6639: 0.9960552998701192, 6640: 1.0, 6641: 0.7552832571135188, 6642: 0.15071211529291623, 6140: 0.43926441695528473, 6141: 1.0, 6142: 1.0, 6143: 1.0}"
85,"{5952: 0.6600631815426514, 5953: 0.9999254166524306, 5954: 1.0, 5955: 1.0, 5956: 1.0, 5957: 0.6847258785710989, 6150: 0.728632843195467, 6049: 0.000126517802016317, 6152: 0.6591268484596681, 6153: 0.602942822030461, 6154: 0.5649137317775217, 6155: 0.8864880397668353, 6156: 1.0, 6157: 0.6275389856014657, 6354: 0.00630276046200483, 6355: 0.0018381872834131244, 6149: 0.2719751581930048, 5853: 0.2800583827404847, 5854: 0.5775738906699288, 5855: 0.33629697875578735, 5856: 0.22355433416504064, 5857: 0.0796889503210838, 6050: 0.5200403606556946, 6051: 0.8543880856339492, 6052: 1.0, 6053: 1.0, 6054: 1.0, 6055: 1.0, 6056: 1.0, 6057: 0.7850960258410736, 6151: 0.7000004620705126, 6254: 0.020502684399598847, 6255: 0.8656179386524882, 6256: 0.5775147456037517, 6257: 0.019929081654497405, 5951: 0.054059991001643735}"
72,"{6529: 0.5813004181189899, 6530: 1.0, 6531: 1.0, 6532: 0.9788735071130421, 6533: 0.17859681589774085, 6927: 0.3761210371805676, 6928: 1.0, 6929: 1.0, 6930: 1.0, 6931: 0.982765594223696, 6932: 0.7164620760152509, 6933: 0.3739148598553002, 6934: 0.05445180298160034, 6429: 0.30241832246269457, 6430: 0.9917451499514923, 6431: 1.0, 6432: 0.7788789690265765, 6827: 0.6103143805974374, 6828: 1.0, 6829: 1.0, 6830: 1.0, 6831: 1.0, 6832: 1.0, 6833: 1.0, 6834: 0.967400656643656, 6835: 0.6848022732695014, 6836: 0.35792303109596063, 6837: 0.03723225747834213, 6329: 0.10104410182418304, 6330: 0.9331139714266196, 6331: 0.35563260879407316, 6332: 0.1650191027449297, 6727: 0.7987147209038787, 6728: 0.9320191951293378, 6729: 1.0, 6730: 1.0, 6731: 1.0, 6732: 1.0, 6733: 1.0, 6734: 1.0, 6735: 1.0, 6736: 0.8952267561722217, 6737: 0.2929636476906887, 6230: 0.11412723385207452, 6627: 0.171851048462072, 6628: 0.1263917954007312, 6629: 0.9941779801347868, 6630: 1.0, 6631: 1.0, 6632: 1.0, 6633: 0.8256634100517013, 6634: 0.33466970279120667, 6635: 0.1604779608712062, 6636: 0.0015111590046186132, 6637: 0.0011282129194952128, 7027: 0.20216073330057502, 7028: 0.44562919630450715, 7029: 0.7593866100591462, 7030: 0.4139967146950444, 7031: 0.08376107029838949}"
52,"{7554: 0.09336449507730907, 8451: 0.01290725262101929, 8452: 0.32792532050853496, 8453: 0.269907928769456, 8454: 0.07243523555286877, 8455: 0.3312328262134217, 8456: 0.09107293562171691, 7953: 0.5936852106248303, 7954: 1.0, 7955: 1.0, 7956: 0.98904094680487, 7957: 0.3595462289022106, 8350: 0.11932273115516123, 8351: 0.9422487297969727, 8352: 1.0, 8353: 1.0, 8354: 1.0, 8355: 1.0, 8356: 0.47316567310506186, 7853: 0.7094623913964413, 7854: 1.0, 7855: 1.0, 7856: 0.9898883855830276, 7857: 0.09615599854169336, 8250: 0.0028011076825154705, 8251: 0.9046860548121861, 8252: 1.0, 8253: 1.0, 8254: 1.0, 8255: 1.0, 8256: 0.5688495917309393, 7753: 0.5666044575348069, 7754: 1.0, 7755: 1.0, 7756: 0.6486654884616331, 7757: 0.11515210024540645, 8151: 0.6025551543407065, 8152: 1.0, 8153: 1.0, 8154: 1.0, 8155: 1.0, 8156: 0.6863473521752999, 7653: 0.14869958506453543, 7654: 0.9912874226790701, 7655: 0.8011916661750124, 7656: 0.24040636572217422, 8051: 0.13595172103736963, 8052: 0.46695751913227884, 8053: 0.9994739804829478, 8054: 1.0, 8055: 1.0, 8056: 0.9327388338747075, 8057: 0.2767777282114581}"
13,"{4555: 0.07885863636979074, 4556: 0.6634245436123403, 4557: 0.7506620280242498, 4558: 0.923770511752941, 4559: 0.9976270606769847, 4560: 1.0, 4561: 1.0, 4562: 1.0, 4563: 0.7831042082623255, 4564: 0.08775397117537422, 4757: 0.3663649482336391, 4758: 0.04391246387929739, 4760: 0.1377033792893523, 4761: 0.3395639607304793, 4762: 0.010182584266770194, 4463: 0.171031461709619, 4656: 1.0, 4755: 0.1691132292134625, 4459: 0.05615911882415013, 4460: 0.19446648104474262, 4461: 0.19416644878688222, 4462: 0.16863018284153045, 4655: 0.7270119157672015, 4464: 0.06458002128543991, 4657: 1.0, 4658: 0.9632341683656067, 4659: 0.7905211634003885, 4660: 0.9844137858143366, 4661: 1.0, 4662: 0.6916394689624166, 4663: 0.038299500399880275, 4856: 0.00013678469020560438, 4756: 0.8066220602028663}"
35,"{3968: 0.5153000411925847, 3969: 1.0, 3970: 1.0, 3971: 0.8720832048455397, 4167: 0.16455508260456042, 4168: 0.9606982363843354, 4169: 1.0, 4170: 1.0, 4171: 0.8680018547743671, 3669: 0.008856308692281501, 3670: 0.20215212195963278, 3868: 0.0607805107152483, 3869: 0.92272247331329, 3870: 0.8206966189065187, 3871: 0.1260099986767121, 4067: 0.02962998739800994, 4068: 0.9322704263296562, 4069: 1.0, 4070: 1.0, 4071: 0.8754538955318354, 4268: 0.00023838391797299235, 4269: 0.03656215733263451, 4270: 0.09874573693161545, 4271: 0.13571237555731336, 3769: 0.39531811354673924, 3770: 0.8905704243955118, 3771: 0.03378665202952545}"
22,"{5376: 0.35342279013491873, 5571: 0.2979491546471214, 5572: 1.0, 5573: 1.0, 5574: 1.0, 5575: 1.0, 5576: 0.5178800583193621, 5771: 0.12523586606061438, 5772: 0.6230868756971932, 5773: 0.7581045739596541, 5774: 0.7866569435179787, 5775: 0.5051098104751238, 5776: 0.6387708283492127, 5976: 0.005269959584172021, 5271: 0.15013241131661267, 5272: 0.542315655279992, 5273: 0.5320188270991607, 5274: 0.483581769316237, 5275: 0.07175042698040573, 5471: 0.2924107279993345, 5472: 1.0, 5473: 1.0, 5474: 1.0, 5475: 1.0, 5476: 0.48373208944169116, 5671: 0.31583064149309464, 5672: 1.0, 5673: 1.0, 5674: 1.0, 5675: 1.0, 5676: 0.5856063813883016, 5875: 0.025116024996292258, 5876: 0.5482053136860308, 5371: 0.28106253973191314, 5372: 1.0, 5373: 1.0, 5374: 1.0, 5375: 0.9441470525446717}"
31,"{3968: 0.332437158628541, 3073: 0.07141086356322046, 3074: 0.6234588921725215, 3075: 0.07699516797902312, 3464: 0.4482193039996063, 3465: 1.0, 3466: 1.0, 3467: 0.18080193677103046, 3470: 0.12534224096984709, 3471: 0.4629420446768396, 3472: 0.5633831835650722, 3865: 0.1993163422534275, 3866: 1.0, 3867: 1.0, 3868: 0.9392194892853237, 3869: 0.07727752668686406, 3364: 0.10826151400403954, 3365: 0.5131759865695349, 3366: 0.9794893157321697, 3367: 0.4325303875077645, 3371: 0.2325315505281626, 3372: 0.9983848974926802, 3373: 0.29334965390012685, 3764: 0.3375021242478841, 3765: 0.5645946841934968, 3766: 1.0, 3767: 1.0, 3768: 1.0, 3769: 0.6046818864534885, 3266: 0.49013167196570584, 3267: 0.7674587924798735, 3268: 2.062226980448939e-05, 3271: 0.021208974469259203, 3272: 0.9532097469684275, 3273: 0.9304697340624632, 3274: 0.14592990988129204, 3664: 0.8408148759434924, 3665: 1.0, 3666: 1.0, 3667: 1.0, 3668: 0.9764022718516019, 3669: 0.9911436913068159, 3670: 0.30565003454145423, 3166: 0.019212754957983535, 3167: 0.008811797614554388, 3172: 0.12387627913614567, 3173: 0.7218143091337006, 3174: 0.8584029224999057, 3175: 0.07971602682951556, 3564: 0.672299336636505, 3565: 1.0, 3566: 0.9133387676645989, 3567: 0.35529081106230104, 3568: 0.09328472563628044, 3569: 0.6217374651117437, 3570: 0.8020841415847934, 3571: 0.41395021134139603, 3572: 0.009677320496193397, 3965: 0.009915325247619887, 3966: 0.17688847555572093, 3967: 0.3955075253265349}"
48,"{8064: 0.8721009835203221, 8065: 0.9340475935501743, 8066: 0.8576103708619347, 8067: 0.8372662972647972, 8068: 0.018791478426222696, 7561: 0.2656088945683076, 7562: 0.20606457155380886, 7563: 0.4451277615334257, 7564: 0.8380046520107048, 7565: 0.9133201342954943, 7566: 0.022667182707303116, 7961: 0.7290168283089596, 7962: 0.9582309472037084, 7963: 0.6820176345362864, 7964: 0.8322198808722103, 7965: 1.0, 7966: 1.0, 7967: 0.5290077822824935, 7464: 0.0019692087193638242, 7465: 0.1200240767043292, 7861: 0.7967757672750195, 7862: 1.0, 7863: 1.0, 7864: 1.0, 7865: 1.0, 7866: 0.9971468554325095, 7867: 0.1419277826612427, 7761: 0.8416432498627033, 7762: 1.0, 7763: 1.0, 7764: 1.0, 7765: 1.0, 7766: 0.7472411898545133, 8163: 0.12388558959521255, 8164: 0.2998249574285516, 8165: 0.22974393147499014, 8167: 0.2705923909622782, 8168: 0.17022941082266232, 7661: 0.8933432397950034, 7662: 1.0, 7663: 1.0, 7664: 1.0, 7665: 1.0, 7666: 0.3400582437724979, 8063: 0.01743526118106626}"
66,"{7939: 0.006121140799776051, 7940: 0.0476971444739905, 7437: 0.17660961693036037, 7438: 0.8839609709446657, 7439: 1.0, 7440: 1.0, 7441: 1.0, 7442: 1.0, 7443: 0.5716918830292625, 7833: 0.30511767662150874, 7834: 0.0229049555882502, 7838: 0.13758350308209888, 7839: 0.3170607540952253, 7840: 0.6026929610985325, 7841: 0.617097031072696, 7842: 0.17741069364317047, 7338: 0.12910439349719527, 7339: 0.884521371426709, 7340: 1.0, 7341: 1.0, 7342: 0.8883439699115991, 7343: 0.20487163787322746, 7733: 0.22128159930530256, 7734: 0.5149285595702524, 7735: 0.1177746791268878, 7736: 0.4109609252255717, 7737: 0.3847588214888336, 7738: 0.6900476367285628, 7739: 1.0, 7740: 1.0, 7741: 0.9983814906418875, 7742: 0.32725356375076486, 7239: 0.12281529289968045, 7240: 0.8904509014118213, 7241: 0.9115610400994257, 7242: 0.6049958162728759, 7634: 0.09109601834291145, 7635: 0.7422613769280132, 7636: 0.8784179627863417, 7637: 1.0, 7638: 1.0, 7639: 1.0, 7640: 1.0, 7641: 1.0, 7642: 0.9268713877682034, 7643: 0.08276924926580997, 7140: 0.18419031854051365, 7141: 0.02675425117408041, 7535: 0.006174518552714494, 7536: 0.43323715664401247, 7537: 0.9650410277287862, 7538: 1.0, 7539: 1.0, 7540: 1.0, 7541: 1.0, 7542: 1.0, 7543: 0.35081529078423296}"
37,"{3584: 0.7563574536969498, 3585: 0.010260586082353498, 3080: 0.015642389573558714, 4375: 0.16988514458304535, 4376: 0.9999969757955406, 4377: 1.0, 4378: 1.0, 4379: 0.9277332294984758, 4380: 0.21012114264138815, 4381: 0.37930409978819757, 4382: 0.0003621461260570353, 3876: 0.7825888625108887, 3877: 1.0, 3878: 0.49606971509974046, 3879: 0.0010322794096510172, 3378: 0.24757523733033893, 3379: 1.0, 3380: 1.0, 3381: 0.9832297683429031, 3382: 0.45423379527480806, 3383: 0.002242159326554839, 4175: 0.5381176400867481, 4176: 1.0, 4177: 1.0, 4178: 1.0, 4179: 1.0, 4180: 1.0, 4181: 1.0, 4182: 1.0, 4183: 0.2449822305066211, 3676: 0.20853202381587788, 3677: 1.0, 3678: 1.0, 3679: 1.0, 3680: 0.5455752654378373, 3681: 0.9802422880167178, 3682: 0.9136347123304682, 3683: 0.49585086805182005, 3684: 0.061592469677864733, 3178: 0.008248718067964133, 3179: 0.7152213853979127, 3180: 0.8893766709626981, 3181: 0.5912328973738518, 4476: 0.89962231010327, 4477: 1.0, 4478: 0.9345021214966828, 4479: 0.2026615962238528, 3975: 0.07404364718061283, 3976: 0.9923360565727755, 3977: 1.0, 3978: 0.5135347563181335, 3980: 0.02807447520558568, 3981: 0.5389817611346133, 3982: 0.5316389813847721, 3477: 0.4665611877855311, 3478: 0.7296293083991655, 3479: 1.0, 3480: 1.0, 3481: 1.0, 3482: 1.0, 3483: 0.5912358505838519, 3484: 0.03465297608686508, 4275: 0.5003982172239021, 4276: 1.0, 4277: 1.0, 4278: 1.0, 4279: 1.0, 4280: 0.9932609640294737, 4281: 1.0, 4282: 0.5506865241926142, 4283: 0.05731563853820721, 3776: 0.47308048798546803, 3777: 1.0, 3778: 1.0, 3779: 0.5572675279042624, 3780: 0.0036604550776807333, 3781: 0.19400585581558402, 3782: 0.03131814897130739, 3278: 0.021268541768620204, 3279: 0.9920478953783288, 3280: 1.0, 3281: 0.429164964222755, 4576: 0.5752775142951079, 4577: 0.6896267319421966, 4578: 0.20067743770824492, 4075: 0.32388444267575783, 4076: 1.0, 4077: 1.0, 4078: 0.9989962525611025, 4079: 0.5028398043582802, 4080: 0.3302955175953603, 4081: 1.0, 4082: 0.990668911215775, 4083: 0.04683544311828034, 3576: 0.013406789425357255, 3577: 0.948066030989442, 3578: 1.0, 3579: 1.0, 3580: 1.0, 3581: 1.0, 3582: 1.0, 3583: 1.0}"
32,"{3456: 1.0, 3457: 1.0, 3458: 0.6831670301608959, 3459: 0.6176562302911236, 3460: 0.9971854215834078, 3461: 0.9940772729637483, 3462: 0.15707844488715778, 3353: 0.0160054238654337, 3354: 0.8963594158145965, 3355: 1.0, 3356: 0.9230907213742267, 3357: 0.9912957819716035, 3358: 0.0987688150640518, 3359: 0.0010332921401276962, 3360: 0.4944121692424605, 3361: 0.9131904705610713, 3362: 0.2532238518167995, 3755: 0.6599024735386968, 3756: 0.9397268857001395, 3757: 0.9006203606129344, 3758: 0.8815199644186987, 3759: 0.8769695463832378, 3760: 0.6084911902896394, 3253: 0.005074089908576558, 3254: 0.04209958668092762, 3255: 0.05381267100190686, 3256: 0.019486628943404673, 3257: 0.36749132570727816, 3258: 0.002614347763608026, 3260: 0.1438541671615149, 3261: 0.5652902101805398, 3655: 0.8348620173433476, 3656: 1.0, 3657: 1.0, 3658: 1.0, 3659: 1.0, 3660: 0.999906796171276, 3661: 0.21794631937436504, 3554: 0.12539315203497, 3555: 0.9914569344284773, 3556: 1.0, 3557: 1.0, 3558: 1.0, 3559: 1.0, 3560: 1.0, 3561: 0.680416739420349, 3454: 0.511595165432013, 3455: 1.0}"
78,"{4928: 1.0, 4929: 0.4137975087041498, 5125: 0.28785996448674733, 5126: 1.0, 5127: 1.0, 5128: 0.9518907435091658, 5129: 0.07914481839683855, 5324: 0.12881753346151328, 5325: 0.34051586986259424, 5326: 0.5315994111336926, 5327: 0.7495716280522489, 5328: 0.1481268914572809, 4625: 0.001148770216157592, 4626: 0.5826344644907778, 4627: 0.3142624744929732, 4628: 0.01288364035316201, 4825: 0.4856218549171981, 4826: 0.9982604429403678, 4827: 1.0, 4828: 1.0, 4829: 0.6451357584981372, 5025: 0.013209137897456156, 5026: 0.8841182482418567, 5027: 1.0, 5028: 1.0, 5029: 0.5672873135903641, 5224: 0.04800445782470736, 5225: 0.7198529641075686, 5226: 1.0, 5227: 1.0, 5228: 0.5051245724543574, 4725: 0.2748716572734435, 4726: 1.0, 4727: 1.0, 4728: 0.8835198009029741, 4729: 0.45129397764550816, 4926: 0.791347544469894, 4927: 1.0}"
65,"{7041: 0.15904671436753487, 7042: 0.47734112388670064, 7043: 0.7612509549929332, 7044: 0.879492112082316, 7045: 0.5987124061054648, 7046: 0.0453626615228685, 7443: 0.42830811697103294, 7444: 1.0, 7445: 1.0, 7446: 0.8184965168421138, 7447: 0.014873387214009166, 7342: 0.11165603008773989, 7343: 0.79512836212586, 7344: 1.0, 7345: 1.0, 7346: 1.0, 7347: 0.4573379589303043, 7743: 0.05813334263762576, 7744: 0.6199295496024264, 7745: 0.07582548424959637, 7241: 0.08843895989971334, 7242: 0.3950041837280654, 7243: 1.0, 7244: 1.0, 7245: 1.0, 7246: 1.0, 7247: 0.8940453188470526, 7248: 0.05387112748389613, 7642: 0.06150359147029812, 7643: 0.9142110639306458, 7644: 1.0, 7645: 0.6073194939584268, 7140: 0.28215929143664903, 7141: 0.9727912240813412, 7142: 1.0, 7143: 1.0, 7144: 1.0, 7145: 1.0, 7146: 0.7665239090925664, 7147: 0.06884719446110057, 7543: 0.6491847092154933, 7544: 1.0, 7545: 0.9936952765448157, 7546: 0.22775726273258354}"
57,"{5248: 1.0, 5249: 0.8454787961624585, 5250: 0.5559521687710994, 5251: 0.4502650737258399, 5252: 0.0580493027944273, 5446: 0.37694175275287, 5447: 0.8708690232559082, 5448: 0.11883854183725966, 5145: 0.03196137629587118, 5146: 0.9721461659946664, 5147: 1.0, 5148: 0.8525574385418402, 5149: 0.2332889050672422, 5150: 0.33159109129946385, 5151: 0.4340778898674648, 5152: 0.08806936050429455, 5346: 0.3080754121662559, 5347: 0.9843987259721608, 5348: 0.8457528925180402, 5349: 0.0908253345565917, 5547: 0.032953526102297626, 5046: 0.5997151515018097, 5047: 0.5730383324048391, 5048: 0.18572648885826568, 5246: 0.41498021194341445, 5247: 0.9923923778358815}"
9,"{4167: 0.0011601629691368467, 4168: 0.024750183324003444, 4365: 0.06696343522333896, 4366: 0.7499489969479145, 4367: 1.0, 4368: 0.48462021718006254, 4564: 0.08203015673554326, 4565: 0.9817298625181605, 4566: 1.0, 4567: 1.0, 4568: 0.9256814354812599, 4569: 0.26465880852785506, 4765: 0.20067556796658595, 4766: 0.1492013198254466, 4266: 0.025282433905177985, 4267: 0.6141085793071319, 4268: 0.25879151560422414, 4464: 0.09497459889391793, 4465: 0.8343522683635637, 4466: 1.0, 4467: 1.0, 4468: 0.9538477485146408, 4469: 0.09872927073928878, 4665: 0.6909986019450329, 4666: 0.9776447376735294, 4667: 0.5580154037995215, 4668: 0.06445622751457035}"
6,"{4864: 1.0, 4865: 0.9951500487025869, 4866: 0.19986303703513542, 5263: 0.2896825909806462, 5264: 1.0, 5265: 1.0, 5266: 0.1330795690248004, 4761: 0.1584999273662572, 4762: 0.9898115626958337, 4763: 1.0, 4764: 1.0, 4765: 0.6961114110218448, 5662: 0.02286092885738821, 5663: 0.7093718979452319, 5664: 0.18829964704233607, 5163: 0.0338461448422165, 5164: 1.0, 5165: 1.0, 5166: 0.22450532112523736, 4662: 0.3083605310477696, 4663: 0.9617004996048885, 4664: 1.0, 4665: 0.30900139805633275, 5562: 0.3456481719842727, 5563: 1.0, 5564: 0.9816365651312214, 5565: 0.5096385054993817, 5063: 0.3628295562989387, 5064: 1.0, 5065: 1.0, 5066: 0.28652720200370063, 4563: 0.21689579174086912, 4564: 0.8301550321339439, 4565: 0.018270137481606528, 5462: 0.6720832169913167, 5463: 1.0, 5464: 1.0, 5465: 0.9804644640348119, 5466: 0.0015270359963654714, 4962: 0.08414922649142818, 4963: 0.9163444958433641, 4964: 1.0, 4965: 1.0, 4966: 0.352395615434692, 4464: 0.02837496977432554, 5362: 0.11820795082857498, 5363: 0.9025562394648864, 5364: 1.0, 5365: 1.0, 5366: 0.05622723860491239, 4862: 0.665049183057416, 4863: 1.0}"
34,"{2052: 0.24126513011246223, 2053: 0.01835614206140286, 2054: 0.3740124439331916, 2055: 0.10928179728047152, 2952: 0.5301135894816564, 2953: 0.7182178059078566, 3854: 0.00851894494929117, 3855: 2.0163427648919982e-05, 2452: 0.34234546714346437, 2453: 0.8183908966667975, 2454: 0.22293169541348984, 3351: 0.628923971075706, 3352: 1.0, 3353: 0.9839945761352579, 3354: 0.10364058418531699, 2851: 0.02348682884080822, 2852: 0.9118946550796169, 2853: 0.7023983700735956, 2854: 0.03636053908597422, 3753: 0.015883488570193265, 3151: 0.01571681595357444, 3755: 0.3341154440589946, 3250: 0.008549168038257457, 2353: 0.7811186094146753, 2354: 0.5942245486106384, 2355: 0.22330818901250576, 3252: 1.0, 3253: 0.994925910091176, 3254: 0.47199317349689784, 2751: 0.3404651179756926, 2752: 1.0, 2753: 1.0, 2754: 0.20834385669951608, 3653: 0.33580925580254967, 3654: 1.0, 3655: 0.1651379826567837, 2252: 0.02838608411133229, 2253: 0.9372014255171225, 2254: 1.0, 2255: 0.6161844059737821, 3152: 0.6841793960854934, 3153: 1.0, 3154: 0.14953145033984777, 2651: 0.7521025788110844, 2652: 1.0, 2653: 1.0, 2654: 0.21229393616519188, 3552: 0.14013721851347832, 3553: 0.9117594064968584, 3554: 0.8746068479655449, 3555: 0.008543065571848352, 3251: 0.7729232849101738, 3754: 0.9215071954738135, 2152: 0.24711872086180398, 2153: 0.6769885679940334, 2154: 0.9259325103571984, 2155: 0.38792167301268404, 3052: 0.13419622987197544, 3053: 0.9043208117793448, 3054: 2.5625452467666612e-05, 2550: 0.03714052399023795, 2551: 0.288298483268378, 2552: 0.9415272626501965, 2553: 1.0, 2554: 0.22733914229040827, 3451: 0.08867848983907227, 3452: 0.8761015462891771, 3453: 1.0, 3454: 0.4884048345687084}"
29,"{4871: 0.21870299133985668, 4872: 1.0, 4873: 1.0, 4874: 1.0, 4875: 1.0, 4876: 0.2930210924672469, 4370: 0.2021142664129753, 4371: 1.0, 4372: 1.0, 4373: 1.0, 4374: 1.0, 4375: 0.8098054962170438, 4376: 3.0242037892343815e-06, 4771: 0.20998364340949166, 4772: 1.0, 4773: 1.0, 4774: 1.0, 4775: 1.0, 4776: 0.28764651031800104, 4270: 0.04608022278302795, 4271: 0.8373467904329428, 4272: 0.7739214284889403, 4273: 0.5220554582810765, 4274: 0.5073926155216936, 4275: 0.11711277732452562, 4671: 0.2007088206975963, 4672: 1.0, 4673: 1.0, 4674: 1.0, 4675: 1.0, 4676: 0.2617905852176773, 5071: 0.1360005512655451, 5072: 0.6021172378573878, 5073: 0.6205897408009983, 5074: 0.39761251250435375, 4570: 0.17997974021822488, 4571: 0.6779949220148292, 4572: 1.0, 4573: 1.0, 4574: 1.0, 4575: 1.0, 4576: 0.20748689085804292, 4971: 0.2253950110767665, 4972: 1.0, 4973: 1.0, 4974: 0.8676026884126641, 4975: 0.6171667658962454, 4976: 0.19415302324852626, 4470: 0.30063242227934184, 4471: 1.0, 4472: 1.0, 4473: 1.0, 4474: 1.0, 4475: 1.0, 4476: 0.10037768989756023}"
7,"{4160: 0.4810265353613626, 4161: 0.426580625321805, 4162: 0.01956030845133374, 4356: 0.6855142174321915, 4357: 1.0, 4358: 1.0, 4359: 1.0, 4360: 1.0, 4361: 0.9252661241925356, 4556: 0.09115837633300712, 4557: 0.2493379719757502, 4558: 0.07622948824688844, 4559: 0.0023729393232449726, 4055: 0.01573777705346345, 4056: 0.14871594706696367, 4256: 0.8476121655615287, 4257: 0.8103428293488661, 4258: 0.6490691456212287, 4259: 0.7304975379614245, 4260: 1.0, 4261: 0.9849910679994406, 4262: 0.006284275809598296, 4456: 0.512835244869506, 4457: 1.0, 4458: 1.0, 4459: 0.9438408811756289, 4460: 0.8055335189555217, 4461: 0.6916390268605799, 4155: 0.028479851609844804, 4156: 0.9113453002348704, 4159: 0.16383311525555685}"
