ACE,arts_centre,atm,bank,bar,bbq,bench,bicycle_parking,bicycle_rental,bookshop,bureau_de_change,bus_station,cafe,car_rental,car_sharing,car_wash,charging_station,childcare,cinema,clinic,clock,college,community_centre,conference_centre,courthouse,coworking_space,dentist,doctors,dormitory,drinking_water,driving_school,embassy,emergency_phone,fast_food,fire_station,food_court,fountain,fuel,gambling,grave_yard,gym,hospital,ice_cream,insurance,kindergarten,language_school,library,marketplace,massage,monastery,money_transfer,motorcycle_parking,nightclub,parking,parking_entrance,person_weighing,pharmacy,photo_booth,place_of_worship,police,post_box,post_office,pub,public_bookcase,public_building,recycling,recylcing,restaurant,school,shelter,shower,social_centre,social_club,social_facility,studio,swimming_pool,taxi,telephone,theatre,toilets,townhall,university,Upcoming supermarket,vending_machine,veterinary,waste_basket,waste_disposal,water_point,wifi
1,1.19980035322122e-05,0.00202766259694387,0.0638293787913691,0.0169411809874837,0,0.201321700069108,0.0435863472318206,0.0151174844505874,9.59840282576979e-06,4.7992014128849e-05,0,0.162016240497581,3.11948091837518e-05,0,0,3.83936113030792e-05,0,0.000386335713737234,0,0.0284496659755817,9.59840282576979e-06,0,7.19880211932734e-06,7.19880211932734e-06,0,3.11948091837518e-05,0,0,0.0152422636873224,1.67972049450971e-05,0.000863856254319281,0,0.00611898180142824,0,0,0.000532711356830223,0.0011758043461568,0,0,0,2.87952084773094e-05,0.00233961068878139,0,0,2.39960070644245e-06,0.000230361667818475,0,0,0,2.39960070644245e-06,0,0.000345542501727712,0.00469841818321431,0.00393294555785917,0,0.0223522805805114,0,0.000251958074176457,0,0.00518313752591569,0.00155494125777471,0.000295150886892421,0,0,0,0,0.186221012823466,0.00177090532135453,0,0,0,0,0,0,0,0.00264915917991246,0.017843430853106,0.000326345696076173,0.000554307763188206,1.19980035322122e-05,1.19980035322122e-05,0,0.00326345696076173,0,0.249558473470015,0,0,1.43976042386547e-05
2,1.27978704343597e-05,0.00133097852517341,0.0474161099593028,0.00903529652665796,0,0.0978576364892882,0.0379277688192685,0.0064501266989173,0,0,0,0.111720289743787,3.32744631293353e-05,0,0,4.09531853899511e-05,0,5.88702039980547e-05,0,0.0165041337121503,0,0,7.67872226061583e-06,0,0,0,0,0,0.0132099618623461,0,0.00055286800276434,0,0.00230361667818475,0,0,0.000378816964857048,0.00125419130256725,0,0,0,0,0.00191968056515396,0,0,0,8.19063707799022e-05,1.79170186081036e-05,0,0,0,0.000133097852517341,0.00036857866850956,0.00227802093731603,0.00228825923366352,0,0.0105966367196499,1.27978704343597e-05,0.000268755279121554,0.000191968056515396,0.00506795669200645,0.00082930200414651,0.00251862090148199,0,1.27978704343597e-05,0,0,0.186669738155571,0.000419770150246999,0,0,0,0,1.27978704343597e-05,5.11914817374389e-06,0,0.00164836571194553,0.00951649645498989,0.000261076556860938,0.000394174409378279,0,1.27978704343597e-05,0,0.00522153113721877,4.35127594768231e-05,0.28923187181653,0,0,0
3,0,0.000850767523193232,0.0186514418546208,0.0147850306799858,0,0.447587485078846,0.0450461770434127,0.00518313752591569,0,0,0,0.0821239345772863,0,0,0,2.09419698016795e-05,0,0,0,0.00435592971874935,0,1.04709849008398e-05,0,0,7.85323867562983e-06,3.40307009277293e-05,5.23549245041989e-05,2.61774622520994e-06,0.00831396201126678,1.83242235764696e-05,0.000188477728215116,0,0.00392661933781492,0,0,0.000193713220665536,0,2.61774622520994e-06,0,5.23549245041989e-06,0,0.00117798580134447,0,4.97371782789889e-05,0,0,0,0,0,0,0.000102092102783188,0.000753910912860464,0.00419362945278633,0.00585066281334422,0,0.00541873468618458,0,9.1621117882348e-05,6.54436556302486e-05,0.00282716592322674,0.000636112332726016,0.00257586228560658,0,1.30887311260497e-05,0.000248685891394945,0,0.225178530292559,0.000214655190467215,0,0,0,0,1.30887311260497e-05,0,0,0.00144499591631589,0.0067380787836904,0.000178006743314276,0.000604699378023497,0,0,0,0.0137955226068564,0,0.408368411132751,0,0,0
4,0,0.00103265575228972,0.0207524088681299,0.0140202877137796,0,0.0674880251650263,0.00569549364916712,0.00214474656244787,0,0,0,0.0460485030463345,0,0,0,0,0,0,0,0.000826124601831772,0,0,0,0,0,0.000103265575228972,3.97175289342198e-05,0,0.0141910730881967,0,0,0,0.00238305173605319,0,0,0,0,0,0,7.94350578684396e-06,0,0,0,0,0,0,2.78022702539539e-05,0,0,0,0,0.000428949312489574,0.00141394403005823,0.00177537354335963,0,0.0082215284893835,0,0,0,0.00357457760407978,0.000321711984367181,0.000977051211781808,0,0,0.000754633049750177,0,0.0928397238837388,0,0,0,0,0,0,0,0,0.000365401266194822,0.00340776398255606,0.000135039598376347,0.000305824972793493,0,0,0,0.0101279698782261,0,0.166813621523723,0,0,0
5,0,0.00110099326530889,0.0209188720408689,0.0215252652546851,0,0.118724338387739,0.0210509912327059,0.00609780885401846,0,0,0,0.0808637207474558,0.000264238383674133,0,0,0,0,0,6.77534317113162e-06,0.0147973494857515,0,0,0,0,0,4.40397306123555e-05,6.77534317113162e-05,0,0.0134490561946963,0,0,0,0.0035570551648441,0,0,0,0,0,0,0,0,0.000254075368917436,0,0.000193097280377251,0,0,0,0,0,0,0,0.000243912354160738,0.000603005542230714,0.00353334146374514,0,0.0128562136672222,0,0.000237137010989607,0.000338767158556581,0.00243912354160738,0.000548802796861661,0.00125005081507378,0,0,0.000643657601257504,0,0.161541119557706,0.000277789070016396,0,0,0,0,0,0,0,0.000934997357616163,0.0174397333224928,0,0.000521701424177135,0,0,0,0.00979037088228519,5.75904169546187e-05,0.464111007222516,0,0,0
6,0,0.000207965394558345,0.034954183623845,0.00451764826332898,0,0.01359133840129,0.0152934551690599,0.00979037088228519,0,0,0,0.032730553635875,0,0,0,0,0,0.000147175509995137,0,0.00732038188845376,0,0,9.59840282576979e-06,1.91968056515396e-05,0,0,0,0,0.0139720750467122,0,0.000345542501727712,0,0.00047992014128849,0,0,0.000236760603035655,0.00313547825641813,0,0,0,0,0.00047992014128849,0,0,0,0.000204765926949756,0,0,0,0,4.15930789116691e-05,0,0.00113901046865802,0.0033370447157593,0,0.00883053059970821,0,0.000223962732601295,0,0.00230361667818475,0.000777470628887353,0.00118060354756968,0,0,0.00091184826844813,0,0.0299150221403159,0.00131178171952187,0,0,0,0,0,0,0,0.00264915917991246,0.00640533415239704,0.000217563797384115,0.000739077017584274,1.59973380429497e-05,0,0,0.0043512759476823,0,0.108781898692058,0,0,0
7,0,0.000277287192744461,0.014184306398082,0.00903529652665796,0,0.01359133840129,0.0081565094234986,0.00537510558243108,0,0,0,0.0232750603632889,0,2.13297840572662e-05,0,0,0,0,0,0,0,0,0,0,0,0,0,0,0.0118550939790286,0,0,0,0.00191968056515396,0,0,0,0.00313547825641813,0,0,0,0,0.000319946760858993,0,0,0,0.000136510617966504,0,0,0,0,0,0.000153574445212317,0.00227802093731603,0.00254251025962613,0,0.00883053059970821,0,0,0.000106648920286331,0.00383936113030792,0.000345542501727712,0.00262356343904374,0,0,0,0,0.035898026568379,0.00174904229269583,0,0,0,0,0,0,0,0.000392468026653698,0.00244012729615125,0.00014504253158941,0,0,0,0,0,0,0.00426595681145324,0,0,0
8,0,0,0.00994743565579779,0.00739251533999288,0,0,0,0.00188477728215116,0,0,0,0.0321354526606773,0,0,0,0,0,0,0,0.00217796485937467,0,0,0,0,0,0,0,0,0.0020784905028167,0,0.000188477728215116,0,0,0,0,0,0.00384808695105862,0,0,0,0,0,0,0,0,0,0,0,0,0,0,0,0.00279575296852422,0.000780088375112563,0,0.00722497958157944,0,0,0,0.00282716592322674,0.000424074888484011,0.00193189671420494,0,0,0.000497371782789889,0,0.0293711126468556,0.000429310380934431,3.14129547025193e-05,0,5.23549245041989e-06,0,0,0,0,0,0.00598940336328035,0.000356013486628552,0,0,0,0,0,0,0.00523549245041989,0,0,0
9,0,0.000374337710205022,0.0218843584427551,0.00609882515549413,0,0.0183483068417415,0.00550564386086155,0.00621976503109883,0,0,0,0.03927666436305,0.000149735084082009,0,0,0,0,0,0,0.00479152269062428,0,0,0,0,0,0,0,0,0.00228633955309836,0,0,0,0.000863856254319281,0,0,0,0,0,0,0,0,0,0,0,0,0,0,0,0,0,0,0,0,0.00257429163787146,0,0.00596060815480304,0,0,0,0.00103662750518314,0,0.00212508638562543,0,0,0,0,0.0484623358673117,0,0,0,0,0,0,0,0,0.000529831835982492,0.0016470859249021,0.000195807417645704,0.000443446210550564,0,0,0,0,0,0,0,0,0
10,0,0.000724524600396817,0.0194135437798634,0.00655787651128401,0,0.019729362195421,0.0230881839326452,0.00535033551062265,0,1.85775538563286e-05,0,0.0380096751900484,0,0,0,0,0,8.54567477391117e-05,0,0.00231847872126981,0,0,0,0,0,0,0,0,0.00590023110476997,0,0.000535033551062264,0,0.000557326615689859,0,0,0,0.00273090041688031,0,0,0,8.91722585103774e-05,0.000835989923534788,0,0,0,0,0,0,0,0,0,0,0.0019840827518559,0.00276805552459297,0,0.0102548097286934,7.43102154253145e-05,0,0,0.00334395969413915,0.000300956372472524,0.00182803129946274,0,0,0,0,0.0660060488515356,0.00121868753297516,0,0,0,0,0,0,0,0.00205096194573868,0.00743845256407398,0,0.000286094329387461,0,0,0,0.00315818415557587,0,0.00743102154253145,0,0,1.11465323137972e-05
11,0,0.000267384078717873,0.0175856451772139,0.0130689110474874,0,0.0305805114029026,0.0117978082732748,0.00740448217987955,0,0,0,0.0308602362852536,0,0,0,0,0,9.46128278540165e-05,0,0.000855629051897193,0,0,0,0,0,0,0,0,0.00163309968078455,2.87952084773094e-05,0,0,0.00123408036331326,0,0,0,0,0,0,0,0,0,4.1136012110442e-06,0,0,0,0,0,0,0,0,0.000148089643597591,0.00146444203113173,0.00122585316089117,0,0.0127727317602922,0,0.000143976042386547,0,0.000740448217987955,0.00033320169809458,0.000505972948958436,0,0,0,0,0.0692319083818738,0.00101194589791687,0,0,0,0,0,0,0,0.000756902622832132,0.00705893967815184,0.000139862441175503,0,0,0,0,0.00139862441175503,0,0.0452496133214862,0,0,0
12,0,0,0.00951493845337179,0.0017677754073896,0,0,0,0.00090141522189838,0,0,0,0.0170768105926304,0,2.50393117193995e-05,0.000145228007972517,0,0,0,0,0,0,0,0,0,0,6.51022104704386e-05,0,0,0.00795248540208127,0,0,0,0.000751179351581984,0,0,0,0.00122692627425057,0,0,0,0,0,0,0,0,0.000160251595004157,0,0,0,0,0,0.000180283044379676,0.000891399497210621,0,0,0.00691085003455425,0,0.000175275182035796,0,0.00270424566569514,0.000405636849854271,0.00184790120489168,0,0,0.00047574692266859,0,0.0608705667898601,0,0,0,0,0,0,0,3.50550364071592e-05,0,0,0,0.00115681620143626,0,0,0,0,0.000170267319691916,0,0,0,0
13,0,0,0.0195396057524599,0.0029042024549972,0,0.1660084904729,0.0137641096521539,0.00296179287195182,0,0,0,0.0224438082074571,0,0,0,0,0,0,8.22720242208839e-06,0,0,0,0,0,0,0,0,0,0.00979859808470728,0,0.000148089643597591,4.1136012110442e-05,0.00185112054496989,0,0,0.000152203244808635,0.00100783229670583,0,0,0,4.93632145325304e-05,0.000617040181656629,0,0,0,0.000131635238753414,0,0,0,0,0,0,0,0.00122585316089117,0,0.0028383848356205,0,0,0,0.00148089643597591,0.00033320169809458,0,0,0,0.000390792115049199,0,0.0538470398525685,0.000674630598611248,0,0,0,0,0,0,0,0.00151380524566426,0.00235297989271728,0.000139862441175503,0.000316747293250403,0,0,0,0,0,0.0452496133214862,0,0,0
14,2.13297840572662e-05,0.000277287192744461,0.0202632948544029,0.00903529652665796,0,0.0181217845350534,0.00611738206762395,0.00383936113030792,0,0,0,0.00872814763623333,0,0,0,0,0,0,0,0.00177463803356455,0,0,0,0,0,0,0,0,0.00677433941658775,0,0.000153574445212317,0,0.000639893521717986,0,0,0,0.00104515941880604,0,0,0,0,0.000319946760858993,0,0,0,0.000136510617966504,0,0,0,0,0,0,0,0.0019068826947196,0,0.00588702039980547,0,0,0.000106648920286331,0.00153574445212317,0.000691085003455425,0,0,0,0.00121579769126417,0,0.035898026568379,0.000349808458539166,0,0,0,0,0,0,0,0.000784936053307396,0.00488025459230251,0,0.0003284786744819,0,0,0,0.000725212657947051,0,0,0,0,0
15,0,0.000277287192744461,0.0222896243398432,0.0195764758077589,0,0,0.0305869103381197,0.00307148890424633,0,0,0,0.0290938254541111,0,0,0,3.41276544916259e-05,0,0.000196234013326849,0,0.00266195705034682,0,0,0,0,0,0,0,0,0.00508075456244081,0,0,0,0.00639893521717986,0,0,0,0,0,0,0,0,0.000639893521717986,0,0,0,0,0,0,0,0,0,0,0.00303736124975471,0.00254251025962613,0,0.0147175509995137,0,0,0,0.00230361667818475,0.000691085003455425,0,0,0,0,0,0.0797733923741756,0.000349808458539166,0,0,0,0,2.13297840572662e-05,0,0,0.00117740407996109,0.00122006364807563,0.00014504253158941,0.0003284786744819,0,0,0,0.00362606328973525,7.25212657947051e-05,0.0597233953603454,0,0,0
16,0,0,0.0130264038349733,0.0367865644299646,0,0,0.00524347034367767,0.00296179287195182,0,0,0,0.00374063470124286,0,0,0,0,0,0,0,0,0,0,0,0,0,0,0,0,0.00653239872313818,0,0,0,0.00329088096883536,0,0,0,0.00268755279121554,0,0,0,0,0,0,0,0,0,0,0,0,0,0,0,0.00292888406226347,0.00245170632178234,0,0.0132457958995623,0,0,0.00013712004036814,0.00394905716260243,0,0.0013492611972225,0,0,0.00208422461359573,0,0.148720395783285,0.000449753732407499,0,0,0,0,0,0,0,0.000504601748554755,0.00627461304724608,0,0.000422329724333871,0,0,0,0.00559449764702011,0,0,0,0,0
17,0,0,0.00713620384002884,0.00707110162955841,0,0.0106366996184009,0.00239375820037459,0.00180283044379676,0,0,0,0.0102460863555783,0,0,0,0,0,0.000115180833909237,0,0,0,0,0,0,0,0,0,0,0.00795248540208127,0,0,0,0.000751179351581984,0,0,0,0,0,0,0,0,0.000751179351581984,0,0,0,0,0,0,0,0,6.51022104704386e-05,0.000180283044379676,0.000891399497210621,0.000746171489238104,0,0.00518313752591569,0,0,0.000125196558596997,0.0045070761094919,0.000405636849854271,0,0,0,0.00047574692266859,0,0.0140470538745831,0,0,0,0,0,0,0,0,0.00046072333563695,0.0028644972606993,0,0,2.50393117193995e-05,0,0,0,0,0,0,0,0
18,0,0,0.0237873461334295,0.0035355508147792,0,0.0212733992368018,0.0191500656029967,0.00270424566569514,0,0,0,0.0102460863555783,0,0,0,0,0,0,0,0.00208327073505403,2.00314493755196e-05,0,0,0,0,0,0,0,0.00596436405156095,0,0,0,0,0,0,0.000185290906723556,0.00245385254850115,0,0,0,0,0.000751179351581984,0,0,0,0,0,0,0,0,0,0,0,0.00447702893542862,0,0.0155494125777471,0,0,0,0.00180283044379676,0.000405636849854271,0.00246386827318891,0,0,0.00142724076800577,0,0.0280941077491662,0,0,0,0,0,0,0,0,0,0.0100257404124475,0.000170267319691916,0,0,0,0,0.000851336598459581,0,0.0350550364071592,0,0,0
19,0,0,0.0102582930200415,0.0050823542962451,0,0.0917415342087077,0.00344102741303847,0,0,0,0,0.0638245795899562,0,0,0,0,0,0,0,0,0,0,0,0,0,0,0,0,0.0171475466482377,0,0,0,0.0010798203178991,0,0,0,0,0,0,0,0,0.0010798203178991,0,0,0,0,0,0,0,0,0,0,0.00128138677724027,0.00107262151577977,0,0.0074507601935038,0,0,0,0.00129578438147892,0.000583102971665515,0.00354181064270905,0,0,0,0,0.0942323197419949,0,0,0,0,0,0,0,0,0,0,0,0,0,0,0,0,0,0.00719880211932734,0,0,0
20,0,0,0.011723763451476,0,0,0.0786356007503209,0.00393260275775825,0,0,0,0,0.00561095205186428,0,0,0,0,0,0,0,0,0,0,0,0,0,0,0,0,0.00979859808470728,0,0,0,0.00123408036331326,0,0,0,0.00201566459341166,0,0,0,0,0,0,0,0,0.000263270477506829,0,0,0,0,0,0,0.00146444203113173,0.00245170632178234,0,0.00567676967124099,0,0,0,0.00296179287195182,0,0,0,0,0.000781584230098397,0,0.0307697370586106,0,0,0,0,0,0,0,0,0,0,0,0,0,0,0,0,0,0,0,0,0
21,0,0,0.021276459597123,0.0158117689216514,0,0.020387007601935,0.00611738206762395,0,0,0,0,0.01309222145435,0,3.19946760858993e-05,0.000185569121298216,0,0,0,0,0,0,0,0,0,0,0,0,0,0.0025403772812204,0,0,0,0.00191968056515396,0,0,0,0.00156773912820907,0,0,0,0,0,0,0,0,0,0,0,0,0,0,0,0,0.0019068826947196,0,0.00883053059970821,0,0,0,0.00115180833909237,0.000518313752591569,0,0,0,0,0,0.0418810309964422,0.0010494253756175,0,0,0,0,0,0,0,0.000588702039980547,0.00366019094422688,0,0,0,0,0,0,0,0,0,0,0
22,0,0,0.0132060783706281,0.0322466617416931,0,0.105450039320354,0.0569549364916712,0.000714915520815957,0,0,0,0.0216698837865103,0,1.98587644671099e-05,0,0,0,0,0,0.000826124601831772,0,0,0,0,0,0,0,0,0.00946071539213116,0,0,0,0.00238305173605319,0,0,0.000146954857056613,0.00583847675333031,0,0,0,0,0.000297881467006649,0,0,0,0.000254192185179007,2.78022702539539e-05,0,0,0,0,0,0.00212091604508734,0,0,0.00959178323761409,0,0.000139011351269769,0,0.00357457760407978,0,0.00293115363534542,0,0,0.00188658262437544,0,0.0408494785088451,0.000651367474521205,0,0,0,0,0,0,0,0.000730802532389645,0.0124951346027056,0,0.000611649945586985,0,3.97175289342198e-05,0,0.000675197991881737,0,0.0873785636552836,0,0,0
23,0,0.000898410504492053,0.0109421792213776,0.0243953006219765,0,0.0685003455425017,0.0418428933425478,0.00082930200414651,0,0,0,0.043989864086616,0,0,0,0,0,0,0,0.000958304538124856,0,0,0,0,0,0,0,0,0.0128035014973508,0,0,0,0.00345542501727713,0,0,0,0.00225754434462106,0,0,0,0,0.000691085003455425,0,0,0,0.000147431467403824,0,0,0,0,0,0,0,0.00205943331029717,0,0.00476848652384243,0,0,0,0.00165860400829302,0,0.00340013821700069,0,2.30361667818475e-05,0.00131306150656531,0,0.0646164478230822,0.000377793135222299,0,0,0,0,0,0,0,0,0.00658834369960839,0.000156645934116563,0.00106427090532135,0,0,0,0.000783229670582815,0,0,0,0,0
24,2.50393117193995e-05,0.000651022104704386,0.00713620384002884,0.0017677754073896,0,0.0212733992368018,0.00718127460112376,0,0,0,1.00157246877598e-05,0.0170768105926304,0,0,0.000145228007972517,0,0,0,0,0,0,0,0,0,1.50235870316397e-05,0,0,0,0.0119287281031219,0,0,0,0.0045070761094919,0,0,0,0.00245385254850115,0,0,0,0,0,0,0,0,0,0,5.00786234387989e-06,0,0,0,0,0,0,0,0.00518313752591569,0,0,0,0,0,0.000615967068297227,0,0,0.00380597538134872,0,0.0374588103322216,0.000821289424396302,0,0,0,0,0,0,0,0,0.00143224863034965,0.000170267319691916,0.00154242160191501,0,0,0,0.000851336598459581,0,0,0,0,0
25,0,0,0.0201566459341166,0.0213993865105057,0,0.0128760048012221,0,0,0,0,0,0.0330750857794105,0,0,0.000175802325440415,0,0,0,0,0.00126092702384849,0,0,0,0,0,0,0,0,0.00722001964136326,0,0,0,0.00181864474593533,0,0,0,0.0029704530850277,0,0,0,0,0.000454661186483832,0,0,0,0,0,0,0,0,0,0.000218237369512239,0.00107906254925496,0.00270978067144364,0,0.0104572072891281,0,0,0,0.00218237369512239,0.000982068162805078,0.000745644345833485,0,0,0,0,0.0736854229561464,0,0,0,0,0,0,0,0,0,0,0.000206113071206004,0,0,0,0,0,0,0,0,0,0
26,0,0.000374337710205022,0.00820663441603317,0.0142305920294863,0,0.012232204561161,0,0,0,0,0,0.00785533287261,0,0,0,0,0,0,0,0,0,0,0,0,0,0,0,0,0.00457267910619673,0,0,0,0.000863856254319281,0,0,0,0.00564386086155264,0,0,0,0,0.000431928127159641,0,0.000109421792213776,0,0,0,0,0,0,0,0,0,0,0,0.00794747753973739,0,0.000201566459341166,0,0,0.000466482377332412,0,0,0,0.000547108961068878,0,0.0484623358673117,0.000472241419027874,0,0,0,0,0,0,0,0,0.00494125777470629,0.000195807417645704,0,0,0,0,0.000979037088228519,0,0.0172771250863856,0,0,0
27,0,0,0,0,0,0.0658657168677901,0.00423511066220119,0,0,0,0,0,0,0,0,0,0,0,0,0,0,0,0,0,0,0,0,0,0.00351744546630518,0,0,0,0,0,0,0,0.00217071571598178,0,0,0,0,0,0,0,0,0.000283522052699662,0,0,0,0,0,0.000318962309287119,0.00315418283628373,0.0026402991157656,0,0.00611344426133645,0,0.000310102245140255,0.000221501603671611,0,0.000717665195896018,0,0,0,0,0,0.00828415997731824,0,0,0,0,0,0,0,0,0,0,0,0,0,0,0,0,0,0,0,0,0
28,0,0,0.0091184826844813,0.00903529652665796,0,0.0475696844045151,0,0,0,0,0,0.00436407381811667,0,0,0,0,0,0,0,0,0,0,0,0,0,0,0,0,0.00762113184366121,0,0,0,0.000959840282576979,0,0,0.000236760603035655,0.00627095651283626,0,0,0,0,0,0,0,0,0,0,0,0,0,0,0,0.00113901046865802,0,0,0.00883053059970821,0,0,0,0.00115180833909237,0.000518313752591569,0.000787069031713123,0,0,0.000607898845632087,0,0.0239320177122527,0,0,0,0,0,0,0,0,0,0,0,0.000492718011722849,0,0,0,0.00108781898692058,0,0.00639893521717986,0,0,0
29,3.19946760858993e-05,0,0.0121579769126417,0.00677647239499347,0,0.02718267680258,0.0122347641352479,0,0,0,0,0.00436407381811667,0,0,0.000185569121298216,0,0,0,0,0,0,0,0,0,0,0,0,0,0.012701886406102,0,0,3.19946760858993e-05,0,0,0,0,0.00940643476925439,0,0,0,0,0,0,0,0,0,0,0,0,0,0,0.000230361667818475,0,0,0,0.0044152652998541,0,0,0,0,0.000518313752591569,0,0,0,0.000607898845632087,0,0.0239320177122527,0,0,0,0,0,0,0,0,0.00117740407996109,0,0.000435127594768231,0,0,0,0,0.00108781898692058,0,0,0,0,0
30,0,0,0.011723763451476,0.00580840490999441,0,0.0349491558890315,0,0,0,0,0,0.00561095205186428,0,0,0.000238588870240563,0,0,0,0,0,0,0,0,0,0,0,0,0,0.0163309968078455,0,0,0,0.00123408036331326,0,0,0,0.0241879751209399,0,0,0,0,0,0,0,0,0,0,0,0,0,0,0,0.0043933260933952,0,0,0.011353539342482,0,0,0,0.00444268930792773,0,0,0,0,0,0,0.0307697370586106,0,0,0,0,0,0,0,0,0,0.00705893967815184,0,0,0,0,0,0,0,0.0164544048441768,0,0,0
31,0,0,0.00497371782789889,0,0,0.0556009298234592,0.00500513078260141,0,0,0,0,0.0285648468094909,0,0,0,0,0,0,0,0,0,0,0,0,0,0,0,0,0.0124709430169002,0,0,0,0,0,0,0,0.00256539130070574,0,0,0,0,0,0,0,0,0,0,0,0,0,0,0,0.00186383531234948,0,0,0.00722497958157944,0,0,0,0.00376955456430232,0.000848149776968022,0,0,0,0,0,0,0,0,0,0,0,0,0,0,0,0.00898410504492052,0,0,0,0,0,0,0,0,0,0,0
32,0,0,0,0,0,0.012232204561161,0.00550564386086155,0,0,0,0,0.04713199723566,0,0,0,0,0,0,0,0,0,0,0,0,0,0,0,0,0.00914535821239346,0,0,0,0,0,0,0,0.00846579129232896,0,0,0,0,0,0,0,0,0.00036857866850956,0,0,0,0,0,0,0,0,0,0.00794747753973739,0,0,0,0,0,0,0,0,0,0,0.0107694079705137,0,0,0,0,0,0,0,0,0,0.00329417184980419,0,0,0,0,0,0.00195807417645704,0,0,0,0,0
33,0,0,0.00994743565579779,0,0,0,0,0,0,0,0,0.0142824234047455,0,0,0,0,0,0,0,0,0,0,0,0,0,0,0,0,0.00415698100563339,0,0,0,0,0,0,0,0.00256539130070574,0,0,0,0,0,0,0,0,0,0,0,0,0,0,0,0.00186383531234948,0,0,0.00361248979078972,0,0,0,0.00188477728215116,0.000848149776968022,0,0,0,0,0,0.00979037088228519,0,0,0,0,0,0,0,0,0,0.00299470168164018,0.000356013486628552,0,0,0,0,0,0,0,0,0,0
34,0,0,0,0,0,0.0152902557014513,0.00688205482607694,0,0,0,0,0.058914996544575,0,0,0.000417530522920986,0,0,0,0,0,0,0,0,0,0,0,0,0,0.0228633955309836,0,0,0,0,0,0,0,0.0105822391154112,0,0,0,0,0,0,0,0,0.00046072333563695,0,0,0,0,0,0,0,0,0,0,0,0,0,0,0,0,0,0,0,0,0,0,0,0,0,0,0,0,0,0,0.00411771481225524,0,0,0,0,0,0,0,0,0,0,0
35,0,0.000325511052352193,0.00951493845337179,0.0035355508147792,0,0.0106366996184009,0.00957503280149835,0.00090141522189838,0,0,0,0.0307382590667348,0,0,0,0,0,0,0,0,2.00314493755196e-05,0,0,0,0,0,0,0,0.00397624270104063,0,0,0,0.00150235870316397,0,0,0,0.00122692627425057,0,0,0,0,0,0,0,0,0.000160251595004157,0,0,0,0,0,0,0.00178279899442124,0.000746171489238104,0,0.00691085003455425,0,0,0.000125196558596997,0,0.000811273699708542,0,0,0,0.00047574692266859,0,0.0327764590406939,0,0,0,0,0,2.50393117193995e-05,0,0,0.00046072333563695,0.00429674589104895,0.000170267319691916,0,0,0,0,0,0,0,0,0,0
36,0,0,0.00547108961068878,0.00406588343699608,0,0,0.00550564386086155,0,0,0,0,0.00785533287261,0,0,0,0,0,0,0,0,0,0,0,0,0,0,0,0,0.0137180373185902,0,0,0,0,0,0,0,0.0141096521538816,0,0,0,0,0,0,0,0,0,0,0,0,0,0,0.000414651002073255,0,0,0,0.00397373876986869,0,0,0,0,0,0,0,0,0,0,0.0646164478230822,0,0,0,0,0,5.75904169546188e-05,0,0,0,0,0,0,0,0,0,0,0,0,0,0,0
37,0,0,0.0104211230679786,0.00193613496999813,0,0.0407740152038701,0.00524347034367767,0,0,0,0,0.0411469817136714,0,0,0,0,0,0,0,0,0,0,0,0,0,0,0,0,0.00870986496418424,0,0,0,0.00246816072662652,0,0,0,0.00671888197803885,0,0,0,0,0,0,0,0,0,0,0,0,0,0,0,0.00585776812452693,0.00163447088118823,0,0.00756902622832132,0,0,0,0.000987264290650607,0.000888537861585546,0.000674630598611248,0,0,0.00104211230679786,5.4848016147256e-06,0.0512828950976843,0,0,0,0,0,0,0,0,0,0.00313730652362304,0,0.000422329724333871,0,0,0,0,9.32416274503351e-05,0.0493632145325304,0,0,0
38,0,0,0.00965486401886256,0,0,0,0,0,0,0,0,0.0231039202135588,0,0,0,0,6.77534317113162e-06,0,0,0,0,0,0,0,0,0,0.000135506863422632,0,0.0134490561946963,0,0,0,0,0,0,0.00025068769733187,0.0116197135384907,0,0,0,0,0.000508150737834871,0,0,0,0,0,0,0,0,0,0.000243912354160738,0.00120601108446143,0,0,0.00467498678808082,0,0,0,0.00365868531241107,0.000548802796861661,0,0,0,0,0,0.0253397834600323,0,0,0,0,0,0,0,0,0,0.00193774814694364,0,0.000521701424177135,0,0,0,0,0.000230361667818475,0,0,0,0
39,0,0.000356512104957164,0.0130264038349733,0.00774453987999254,0,0.0116497186296772,0,0,0,0,0,0.0261844429087,0,0,0,0,0,0,0,0.0102675486227663,0,0,0,0,0,0,0,0,0.0108873312052303,0,0,0,0,0,0,0.000405875319489694,0.00268755279121554,0,0,0,0,0.000822720242208839,0,0,0,0,0,0,0,0,0,0,0.00390517874968462,0.000817235440594114,0,0.00378451311416066,0,0,0,0.00197452858130121,0.000888537861585546,0,0,0,0,0,0.0871809216660634,0.000449753732407499,0,0,0,0,0,0,3.83936113030792e-05,0,0.00470595978543456,0.00018648325490067,0,0,0,0,0,9.32416274503351e-05,0,0,0,0
40,0,0.000258163938072429,0.00377316524875088,0.00560811508551184,7.94350578684397e-05,0.0506160188737697,0.00759399153222283,0,0,0,0,0.00541747094662758,0,0,0.000115180833909238,0,0,9.13503165487056e-05,0,0.00495674761099063,0,1.58870115736879e-05,0,0,0,0,0,0,0.0126142871895082,0,0,0,0,0,0,0.000146954857056613,0.00389231783555354,0,0,0,0,0,0,0,0,0,2.78022702539539e-05,0,0,0,0,0,0.0056557761202329,0,0,0.00411076424469175,0,0,0,0.00142983104163191,0.000321711984367181,0.000488525605890904,0,0,0.000377316524875088,0,0.0111407668660487,0.000977051211781808,9.53220694421276e-05,0,0,0,0,0,0,0.000365401266194822,0.00567960663759344,0,0.00275242475514143,0,0,0,0,0,0.0317740231473759,0,3.97175289342198e-06,0
41,0,0,0.0252511828185636,0.00312760264384314,0,0.14114082185955,0.0127053319866036,0.00318962309287119,0,0,0,0.0362553824889692,0,0,0,0,0,0.000101890737688941,0,0.0027643400138217,0,0,0,0,0,0,4.43003207343221e-05,0,0.00527616819945776,3.10102245140255e-05,0.000318962309287119,0,0.0019935144330445,0,0,0,0.00434143143196357,0,0,0,0,0.00132900962202966,0,0,0,0,0,0,0,0,0,0,0.00157709141814187,0,0,0.00917016639200468,0,0,0,0.00318962309287119,0.000358832597948009,0.00108978789006432,0,0,0,0,0.0662732798185459,0,2.65801924405933e-05,0,0,0,0,0,0,0.000407562950755763,0.00380096751900484,0,0,0,0,0,0,7.53105452483476e-05,0.15948115464356,0,0,0
42,0,0.000598940336328035,0.00656530753282654,0.0178898871227828,0,0.381644782308224,0.0286293480764801,0.00165860400829302,0,0,0,0.012568532596176,0,0,0,0,0,0.000105966367196499,0,0.000958304538124856,0,0,0,0,0,0,0,0,0.00182907164247869,0,0,0,0.00138217000691085,0,0,0,0.00112877217231053,0,0,0,0,0,0,0,0,0,0,0,0,0,0.00017968210089841,0,0.010661137986639,0.00480534439069339,0,0.00317899101589496,0,0,0,0.00331720801658604,0.000373185901865929,0.00283344851416724,0,0,0,0,0.0387698686938493,0,0,0,0,0,0,0,0,0.000423865468785994,0.00263533747984335,0,0,0,2.30361667818475e-05,0,0.0109652153881594,0,0.27643400138217,0,0,0
43,0,0,0,0.00406588343699608,0,0.0856254319281271,0.0275282193043078,0,0,0,0,0,0,0,0,0,0,0,0,0,0,0,0,0,0,0,0,0,0.0137180373185902,0,0,0,0,0,0,0,0.0112877217231053,0,0,0,0,0,0,0,0,0,0,0,0,0,0,0,0,0,0,0,0,0.000403132918682331,0,0.00207325501036628,0,0.00141672425708362,0,0,0,0,0.0323082239115411,0,0,0,0,0,0,0,0,0,0,0,0.000886892421101129,0,0,0,0,0,0,0,0,0
44,0,0,0.00260528076699466,0,0,0.116497186296772,0.00524347034367767,0.000987264290650607,0,0,0,0.0486282511161571,0,0,0,0,0,0,0,0.00456335494345169,0,0,0,0,0,0,5.4848016147256e-05,0,0.00870986496418424,0,0,0,0.000822720242208839,0,0,0,0.00268755279121554,0,0,0,0,0,0,0,0,0,0,0,0,0,0,0,0,0,0,0.00567676967124099,0,0.000191968056515396,0.00013712004036814,0.00493632145325304,0.000888537861585546,0,0,0,0.00260528076699466,0,0.0666677636269896,0.000449753732407499,0,0,0,0,0,0,0,0,0.00156865326181152,0.00018648325490067,0,0,0,0,0,0,0.230361667818475,0,0,0
45,0,0,0.00875374337710205,0.00162635337479843,0,0.298465791292329,0.00440451508868924,0,0,0,0,0.021994932043308,0,0,0.000267219534669431,0,0,0,0,0.00191660907624971,0,0,0,0,1.38217000691085e-05,5.98940336328035e-05,0,0,0.0109744298548721,6.4501266989173e-05,0,0,0.00207325501036628,0,0,0,0.00451508868924211,0,4.6072333563695e-06,0,0,0,0,0,0,0,0,0,4.6072333563695e-06,0,0,0,0.000820087537433771,0,0,0.00158949550794748,0,0.000161253167472933,0,0.00165860400829302,0,0.000566689702833449,0,2.30361667818475e-05,0.000875374337710205,0,0.0215388159410274,0,0,0,0,0,0,0,0,0,0.00263533747984335,0,0,0,0,0,0,0,0.129002533978346,0,0,0
46,0,0,0.00951493845337179,0,0,0.223370691986419,0.00957503280149835,0.00090141522189838,0,0,0,0.00683072423705217,0,0,0,0,0,0,0,0.00104163536752702,0,0,0,0,0,0,0,0,0.0159049708041625,0,0,0,0,0,0,0.000370581813447112,0.00490770509700229,0,0,0,0,0,0,0,0,0.000160251595004157,0,0,0,0,0,0,0.00178279899442124,0.00298468595695242,0,0.00691085003455425,0,0,0,0.00090141522189838,0.000405636849854271,0.000615967068297227,0,0,0.000951493845337179,0,0.0280941077491662,0,0,0,0,0,0,0,0,0.0009214466712739,0.0028644972606993,0,0.000385605400478752,0,0,0,0.000851336598459581,0,0.105165109221478,0,0,0
47,0,0.000440397306123555,0.00643657601257504,0,0,0.187080775641286,0.00323861403580091,0,0,0,0,0.0184831361708471,0,0,0,0,0,0,0,0,0,0,0,0,0,0,0,0,0.00806943371681776,0,0,0,0,0,0,0,0,0,0,0,0,0,0,0,0,0.000216810981476212,0,0,0,0,0,0,0.00120601108446143,0,0,0.00701248018212122,0,0,0.00016938357927829,0.00243912354160738,0.00109760559372332,0,0,0,0.000643657601257504,0,0.0253397834600323,0,0,0,0,0,0,0,0,0,0.00775099258777457,0,0.000521701424177135,0,0,0,0,0,0.182934265620554,0,0,0
48,0,0,0,0,0,0.336385625431928,0.0229401827535898,0,0,0,0,0,0,0,0,0,0,0,0,0.00199646778776012,0,0,0,0,0,0,0,0,0.0228633955309836,0,0,0,0,0,0,0,0.0023516086923136,0,0,0,0,0,0,0,0,0,0,0,0,0,0,0,0.00341703140597405,0,0,0.00993434692467174,0,0,0.000239960070644245,0.00172771250863856,0,0,0,0,0,0,0,0,0,0,0,0,0,0,0,0,0.0109805728326806,0,0.00221723105275282,0,0,0,0,0,0.105582431083468,0,0,0
49,0,0,0.00575904169546188,0,0,0.0772560288073328,0.00289770729519029,0.0010911868475612,0,0,0,0.0124031571672789,0,0,0,0,0,0,0,0.00126092702384849,2.42485966124711e-05,0,0,0,0,0,0,0,0.0168467124965143,4.24350440718243e-05,0.000218237369512239,0,0,0,0,0,0.00594090617005541,0,0,0,0,0,0,0,0,0,0,0,0,0,0,0,0,0.000903260223814547,0,0.00418288291565126,0,0,0,0.00218237369512239,0.000491034081402539,0,0,0,0,0,0.0113362189163302,0,0,0,0,0,0,0,0,0,0.0086688732889584,0,0,0,0,0,0,0.000103056535603002,0.0484971932249421,0,0,0
50,0,0,0.0084170609395212,0.00469140396576471,0,0.108207963425655,0.0550564386086155,0.0015948115464356,0,0,0,0.00604256374816154,0,2.21501603671611e-05,0.000128470930129534,0,0,0,0,0,0,0,0,0,0,0,0,0,0.00703489093261035,0,0,0,0.00465153367710382,0,0,0.000163911186716992,0.00651214714794535,0,0,0,5.31603848811865e-05,0,0,0,0,0,0,0,0,0,0,0,0.00315418283628373,0.0019802243368242,0,0.00458508319600234,0,0,0,0.0015948115464356,0.000358832597948009,0.000544893945032162,4.43003207343221e-06,0,0.00126255914092818,0,0.0165683199546365,0,0,0,0,0,0,0,0,0.000407562950755763,0.00633494586500806,0,0,0,0,0,0.000753105452483476,0,0.062020449028051,0,0,0
51,0,0,0.00713620384002884,0,0,0.265917490460022,0.00239375820037459,0,0,0,0,0.0273228969482087,0,0,0.000145228007972517,0,0,0,0,0.00416654147010807,0,0,0,0,0,0,0,0,0.0178930921546829,0,0,0,0,0,0,0.000370581813447112,0.00122692627425057,0,0,0,0,0.000375589675790992,0,0,0,0.000160251595004157,0,0,0,0,0,0,0.00267419849163186,0,0,0.00518313752591569,0,0,0.000125196558596997,0.00180283044379676,0.000811273699708542,0,0,0,0.00190298769067436,0,0.0327764590406939,0.000410644712198151,0,0,0,0,0,0,0,0.00046072333563695,0.0028644972606993,0,0,0,0,0,0.0093647025830554,0,0.0250393117193995,0,0,0
52,0,0,0.00951493845337179,0,0,0.106366996184009,0.00239375820037459,0,0,0,0,0.0204921727111565,0,0,0.000290456015945034,0,0,0,0,0,0,0,0,0,0,6.51022104704386e-05,0,0,0.0159049708041625,0,0,0,0.00150235870316397,0,0,0,0.00736155764550344,0,0,0,0,0,0,0,0,0.000160251595004157,3.50550364071592e-05,0,0,0,0,0,0.00534839698326372,0.000746171489238104,0,0.00518313752591569,0,0,0,0.00270424566569514,0.000405636849854271,0,0,0,0.00237873461334295,0,0.0140470538745831,0.000821289424396302,0,0,0,0,0,0,0,0.00046072333563695,0.0028644972606993,0,0.000385605400478752,0,0,0,0,0,0.0350550364071592,0,0,0
53,0,0,0,0.00184812883499822,0,0.0111201859646918,0.0125128269565035,0,0,0,0,0.0107118175535591,0,0,0,0,0,0,0,0.00108898242968734,0,0,0,0,0,0,0,0,0.0124709430169002,0,0,0,0,0,0,0,0.00513078260141149,0,0,0,0,0,0,0.000198948713115956,0,0.000167535758413436,0,0,0,0,0,0,0.00093191765617474,0.00156017675022513,0,0.00180624489539486,0,0.000183242235764696,0,0.00188477728215116,0,0,0,0,0.00149211534836967,0,0.00489518544114259,0.00214655190467215,0,0,0,0,0,0,0,0.00048166530543863,0.00149735084082009,0,0.000806265837364663,0,0,0,0.0044501685828569,0,0.00523549245041989,0,0,0
54,0,0.000325511052352193,0.0118936730667147,0.0053033262221688,0,0.170187193894414,0.00239375820037459,0.00090141522189838,0,0,0,0.0170768105926304,0,0,0,0,0,0,0,0.00104163536752702,0,0,0,0,0,6.51022104704386e-05,0,0,0.00795248540208127,0,0,0,0,0,0,0.000185290906723556,0.00368077882275172,0,0,0,0,0,0,0,0,0,0,0,0,0,0,0,0.00178279899442124,0.000746171489238104,0,0.00518313752591569,0,0,0.000125196558596997,0.00270424566569514,0,0.00123193413659445,0,0,0,0,0.0702352693729155,0,0,0,0,0,0,1.00157246877598e-05,0,0,0.00716124315174825,0.000340534639383833,0,0,0,0,0,0,0.130204420940877,0,0,0
55,0,0,0.0102582930200415,0.0127058857406128,0,0,0.0516154111955771,0,0,0,0,0.0147287491361437,0,0,0,0,0,0,0,0,0,0,0,0,0,0,0,0,0.0114316977654918,0,0,0,0,0,7.19880211932734e-06,0,0.0070548260769408,0,0,0,0.000172771250863856,0,0,0.00013677724026722,0,0,0,0,0,0,0,0,0.00128138677724027,0.0042904860631191,0,0.00993434692467174,0,0,0,0,0,0,0,0,0,0,0.0134617599631421,0,0,0,0,0,0,0,5.03916148352914e-05,0.000662289794978116,0.00411771481225524,0,0,0,0,0,0,0,0,0,0,0
56,0,0.000415930789116691,0.0121579769126417,0.00451764826332898,0,0,0.00611738206762395,0.00230361667818475,0,0,0,0.0261844429087,0,0,0,0,0,0,0,0.00133097852517341,0,0,0,0,0,0,0,0,0.0101615091248816,0,0.000230361667818475,0,0,0,0,0.00047352120607131,0.0047032173846272,0,0,0,0,0,0,0,0,0,0,0,0,0,0,0,0.00227802093731603,0,0,0.0110381632496353,0,0,0,0.00115180833909237,0.00103662750518314,0,0,0,0,0,0.0418810309964422,0,0,0,0,0,0,0,0,0,0.00732038188845376,0,0,0,0,0,0,0.000108781898692058,0,0,0,0
57,0,0,0.0341943100668049,0.0050823542962451,0,0.020387007601935,0.00917607310143592,0.000863856254319281,0,0,0,0.0098191660907625,0,0,0,0,0,0.000110381632496353,0,0.000998233893880058,0,0,0,0,0,0,0,0,0.00381056592183061,0,0,0,0.0021596406357982,0,0,0,0.0023516086923136,0,0,0,0,0.00179970052983184,0,0,0,0.000153574445212317,0,0,0,0,0,0,0,0.00214524303155955,0,0.00993434692467174,0,0.000167972049450971,0.000119980035322122,0.00345542501727712,0,0.00118060354756968,0,0,0.0013677724026722,0,0.0314107732473317,0,0,0,0,0,0,0,0,0.000883053059970821,0.00549028641634032,0,0,0,0,0,0,0,0.00959840282576979,0,0,0
58,0,0,0.0182369653689626,0,0,0.305805114029026,0.0183521462028718,0,0,0,0,0.006546110727175,0,0,0.000278353681947324,0,0,0,0,0,0,0,0,0,0,0,0,0,0,0,0,0,0,0,0,0,0.0047032173846272,0,0,0,0,0,0,0.000182369653689626,0,0,0,0,0,0,0,0,0.00341703140597405,0,0,0.00993434692467174,0,0,0,0,0,0,0,0,0,0,0.00897450664209476,0,0,0,0,0,0,0,0,0.000883053059970821,0.00823542962451048,0,0,0,0,0,0,0,0,0,0,0
59,0,0,0.00321828800628752,0.00478339227881892,0,0.0143908288954836,0.00323861403580091,0.00121956177080369,0,0,0,0,0,0,0.000196484951962817,0,0,0.000155832892936027,0,0.00140927137959538,0,0,0,0,0,0,0,0,0.0134490561946963,0,0,0,0,0,0,0,0.00497987723078174,0,0,0,8.13041180535794e-05,0,0,0,0,0,0,0,0,0,0,0,0,0,0,0.011687466970202,0,0.000237137010989607,0,0,0.000548802796861661,0.000833367210049189,0,0,0,0,0.0126698917300161,0,0,0,0,0,0,0,0,0,0.0135642370286055,0,0,0,0,0,0,0,0,0,0,0
60,0,0,0.0188658262437544,0.00560811508551184,0,0.00843600314562829,0.0113909872983342,0.00214474656244787,0,0,0,0.0216698837865103,5.16327876144858e-05,0,0.000115180833909238,0,0,9.13503165487056e-05,0,0.00165224920366354,0,0,0,0,0,5.16327876144858e-05,0,0,0.00630714359475411,0,0,0,0.00119152586802659,0,0,0.000146954857056613,0.000973079458888386,0,0,0,0,0,0,0,0,0,0,0,0,0,0,0.000142983104163191,0.00212091604508734,0,0,0.00274050949646117,0,0.000139011351269769,0,0,0.000643423968734361,0.000488525605890904,0,0,0.000754633049750177,0,0.0482766564195442,0,0,0,0,0,0,0,0,0.000730802532389645,0.00227184265503737,0.000135039598376347,0.000305824972793493,1.98587644671099e-05,0,0,0.00742717791069911,0,0,0,0,0
62,0,0,0.0113981033556016,0.00338823619749674,0,0.00509675190048376,0,0,0,0,0,0.01309222145435,0,0,0.000139176840973662,0,0,0,0,0.00499116946940029,0,0,0,0,0,6.23896183675036e-05,0,0,0.00571584888274591,0,0,0,0.00143976042386547,0,0,0,0.0105822391154112,0,0,0,0,0.000719880211932734,0,0,0,0,0,0,0,0,0,0.000172771250863856,0.000854257851493511,0.00071508101051985,0,0.00993434692467174,0,0.000167972049450971,0,0.00345542501727712,0.000388735314443677,0,0,0,0.000455924134224065,0,0.0448725332104738,0.00118060354756968,0,0,0,4.7992014128849e-06,0,0,0,0,0.00549028641634032,0,0.00110861552637641,0,0,0,0,0,0,0,0,0
63,0,0,0.00303949422816043,0,0,0,0,0,0,0,0,0.0218203690905833,0,0,0,0,0,0,0,0.00133097852517341,0,0,0,0,0,0,0,0,0.0025403772812204,0,0,0,0.00287952084773094,0,0,0,0.00156773912820907,0,0,0,0,0.00047992014128849,0,0,0,0,0,0,0,0,0,0,0.00113901046865802,0,0,0.00220763264992705,0,0,0,0.00230361667818475,0.000518313752591569,0.00236120709513937,0,0,0.00121579769126417,0,0.0299150221403159,0.00209885075123499,0,0,0,0,0,0,0,0,0.00366019094422688,0,0.000492718011722849,0,0,0,0.00108781898692058,0,0,0,0,0
64,0,0,0,0.0101647085924902,0,0.0382256392536282,0.00344102741303847,0,0,0,0,0.00490958304538125,0,0,0,0,0,0,0,0,0,0,0,0,0,9.35844275512555e-05,0,0,0.00857377332411887,0,0,0,0,0,0,0,0.0017637065192352,0,0,0,0,0,0,0,0,0.000230361667818475,0,0,0,0,0,0,0.0076883206634416,0.00107262151577977,0,0,0,0,0,0.00388735314443677,0,0,0,0,0.00273554480534439,0,0.00673087998157107,0,0,0,0,0,0,0,0,0.00132457958995623,0.00823542962451048,0.00024475927205713,0,0,0,0,0,0,0,0,0,0
65,0,0,0.00683886201336098,0.00762353144436766,0,0.00764512785072564,0.0137641096521539,0,0,0,0,0.00490958304538125,0,0,0.000208765261460493,0,0,0,0,0,0,5.75904169546187e-05,0,0,0,0,0,0,0.00571584888274591,0,0,0,0.0010798203178991,0,0,0.000266355678415112,0,0,0,0,0,0,0,0,0,0,0,0,0,0,0,0,0.00256277355448053,0.0042904860631191,0,0.00496717346233587,0,0,0,0,0.000583102971665515,0,0,0,0,0,0.0134617599631421,0,0,0,0,0,0,0,5.03916148352914e-05,0,0,0,0,0,0,0,0,0,0,0,0,0
66,0,0,0.00287952084773094,0.00855975460420228,0,0.0386280144036664,0.0115908291807612,0,0,0,0,0.00413438572242631,0,0,0.000175802325440415,0,0,0,0,0,0,0,0,0,0,0,0,0,0.00240667321378775,0,0,0,0,0,0,0,0.00594090617005541,0,0,0,7.27457898374131e-05,0,0,0,0,0.000193988772899768,0,0,0,0,0,0,0.00323718764776489,0.00270978067144364,0,0.00627432437347689,0,0,0,0.0010911868475612,0.000491034081402539,0,0,0,0.000575904169546187,0,0.0113362189163302,0.000497096230555657,0,0,0,0,0,0,0,0,0.00173377465779168,0,0,0,0,0,0,0,0,0,0,0
67,0,0,0.0128731520251501,0.0215252652546851,0,0.0791495589251596,0,0,0,0,0,0.00462078404271176,0,0,0,0,0,0,0,0,0,0,0,0,0,0,0,0,0.010759244955757,0,0,0,0.00101630147566974,0,0,0.00025068769733187,0.00829979538463623,0,0,0,0,0,0,0,0,0,0,0,0,0,0,0,0.00120601108446143,0,0,0.011687466970202,0,0.000237137010989607,0,0,0.000548802796861661,0,0,0,0,0,0.0570145127850726,0.00277789070016396,0,0,0,0,0,0,0,0,0.00387549629388729,0,0.000521701424177135,0,0,0,0,0.000115180833909237,0,0,0,0
68,0,0,0.0190298769067436,0.00883887703694801,0,0,0.00957503280149835,0,0,0,0,0.00341536211852609,6.51022104704386e-05,0,0.000145228007972517,0,0,0,0,0.00104163536752702,0,0,0,0,0,0,0,0,0.0119287281031219,0,0.000180283044379676,0,0.00150235870316397,0,0,0,0.00368077882275172,0,0,0,0,0,0,9.51493845337179e-05,0,0.000160251595004157,0,0,0,0,0,0.000180283044379676,0.00356559798884248,0,0,0.00863856254319281,0,0,0.000125196558596997,0.00090141522189838,0,0,0,0,0,0,0.0515058642068047,0.000410644712198151,0,0,0,0,0,0,0,0.00046072333563695,0.0057289945213986,0,0.000385605400478752,0,0,0,0,0,0,0,0,0
69,0,0,0.00287952084773094,0.00427987730210114,0,0.00643800240061106,0.00869312188557087,0,0,0,0,0.0206719286121316,0,0,0.000527406976321245,0,0,0.000139429430521709,0,0,0,0,0,0,0,0,0,0,0.0240667321378775,0,0,0,0.000909322372967664,0,0,0,0.0133670388826247,0,0,0,0,0,0,0,0,0,0,0,0,0,0,0,0.00107906254925496,0.00180652044762909,0,0.0104572072891281,0,0,0,0,0,0,0,0,0.000575904169546187,0,0.0453448756653209,0.000994192461111313,0,0,0,0,0,0,0,0,0.00693509863116672,0,0.0014003564543702,0,0,0,0.00309169606809006,0,0,0,0,0
70,0,0,0.00683886201336098,0.00254117714812255,0,0.00764512785072564,0.00688205482607694,0,0,0,0,0.0147287491361437,0,0,0,0,0,0,0,0.00149735084082009,0,0,0,0,0,0,0,0,0.0171475466482377,0,0,0,0,0,0,0,0.0070548260769408,0,0,0,0,0,0,0,0,0,0,0,0,0,0,0,0.00512554710896107,0.00214524303155955,0,0.00496717346233587,0,0.000503916148352914,0,0,0,0.00177090532135453,0,0,0,0,0.0336543999078553,0,0,0,0,0,0,0,0,0,0.00205885740612762,0,0.000554307763188206,0,0,0,0,0,0,0,0,0
71,0,0,0,0,0,0,0.0127053319866036,0,0,0,1.77201282937288e-05,0,0,0,0,0,0,0,0,0.0018428933425478,0,0,0,0,0,0,0,0,0.0211046727978311,0,0,0,0,0,0,0,0.00651214714794535,0,0,0,0,0,0,0.000168341218790424,0,0.000283522052699662,0,0,0,0,0,0,0.00157709141814187,0,0,0.0183403327840094,0,0,0.000221501603671611,0,0,0,0,0,0,0,0.0248524799319547,0,0,0,0,0,0,0,0,0.000815125901511527,0.00506795669200645,0,0,0,0,0,0,0,0,0,0,0
72,0,0,0,0.00451764826332898,6.39893521717986e-05,0,0.0122347641352479,0,0,0,0,0,0,0,0,0,0,0,0,0,0,0,0,0,0,0,0,0,0.0101615091248816,0,0,0,0,0,0,0,0,0,0,0,0,0,0,0,0,0,0,0,0,0,0.000166372315646676,0,0.00227802093731603,0,0,0.00883053059970821,0,0,0.000319946760858993,0,0,0,0,0,0,0,0.0119660088561263,0,0,0,0,0,0,0,0,0,0,0,0,0,0,0,0,0,0,0,0,0
73,0,0,0.00273554480534439,0.00203294171849804,0,0.0183483068417415,0.00550564386086155,0,0,0,0,0.003927666436305,0,0,0.000167012209168394,0,0,0,0,0.00119788067265607,0,0,0,0,0,0,0,0,0.025149735084082,0,0.000414651002073255,0,0.000863856254319281,0,0,0,0.0141096521538816,0,0,0,0,0,0,0,0,0,0,0,0,0,0,0,0.00205021884358443,0.00085809721262382,0,0.00794747753973739,0,0.000201566459341166,0,0.00207325501036628,0,0.00141672425708362,0,0,0,0,0.0269235199262843,0,0,0,0,0,0,0,0,0,0.00988251554941258,0,0.000886892421101129,0,0,0,0,0,0,0,0,0
74,0,0.000394039694952655,0.0115180833909238,0.00641981595315171,0,0.0257520096024443,0.00869312188557087,0,0,0,0,0.0289407000569842,0,0,0.000175802325440415,0,0,0,0,0,0,0,0,0,0,0,0,0,0.00962669285515101,0,0,0,0.00272796711890299,0,0,0,0.0029704530850277,0,0,0,0,0,0,0.000115180833909237,0,0,0,0,0,0,0,0,0,0,0,0.00418288291565126,0,0,0,0.00327356054268359,0,0,0,0,0.000575904169546187,0,0.0113362189163302,0.000497096230555657,0,0,0,0,0,0,0,0.00111543544417367,0.00346754931558336,0,0,0,0,0,0.00103056535603002,0,0,0,0,0
75,0,0,0.00863856254319281,0,0,0.0321900120030553,0.0173862437711417,0,0,0,0,0.0537470143915421,0,0,0,0,0,0,0,0.00126092702384849,0,0,0,0,0,0,6.06214915311776e-05,0,0.0120333660689388,0,0,0,0.00272796711890299,0,0,0.000224299518665357,0.00742613271256926,0,0,0,0,0,0,0,0,0.000193988772899768,0,0,0,0,0,0,0.00431625019701985,0,0,0.00627432437347689,0,0,0,0.00327356054268359,0.000491034081402539,0,0,0,0.00115180833909237,0,0,0.000497096230555657,0,0,0,0,0,0,0,0,0.00173377465779168,0,0.000933570969580136,0,0,0,0,0,0,0,0,0
76,0,0,0,0.00338823619749674,0,0.101935038009675,0,0,0,0,0,0.01309222145435,0,0,0,0,0,0,0,0,0,0,0,0,0,0,0,0,0.019052829609153,0,0,9.59840282576979e-05,0,0,0,0,0.0023516086923136,0,0,0,0,0,0,0,0,0,0,0,0,0,0,0,0.00683406281194809,0,0,0.00331144897489058,0,0,0,0,0,0,0,0,0,0,0.00897450664209476,0,0,0,0,0,0,0,0,0,0.00549028641634032,0,0.000739077017584274,0,0,0,0.00163172848038086,0,0,0,0,0
77,0,0.000499116946940029,0,0,0,0.0326192121630961,0.00367042924057437,0,0,0,0,0.01047377716348,0,0,0,0,0,0,0,0.00319434846041619,0,0,0,0,0,0,0,0,0.00609690547492897,0,0,0,0,0,0,0,0.00376257390770176,0,0,0,0,0,0,0.000145895722951701,0,0,5.37510558243108e-05,0,0,0,0,0,0.00410043768716885,0,0,0,0,0,0,0,0,0,0,0,0.000729478614758504,0,0,0,0,0,0,0,0,0,0,0,0.00219611456653613,0,0.000591261614067419,0,0,0,0,0.000130538278430469,0.00767872226061583,0,0,0
78,0,0.000748675420410044,0.0164132688320663,0,0,0.012232204561161,0,0,0,0,0,0.066770329417185,0,0,0,0,0,0,0,0,0,0,0,0,0,0,0,0,0.0114316977654918,0,0,0,0.000863856254319281,0,0,0.000213084542732089,0.00282193043077632,0,0,0,6.91085003455425e-05,0,0,0.000109421792213776,0,0.00018428933425478,0,0,0,0,0,0,0.00102510942179221,0,0,0.00596060815480304,0,0.000201566459341166,0,0.00207325501036628,0,0,0,0,0.00164132688320663,0,0.00538470398525685,0.000944482838055748,0,0,0,0,0,0,0,0,0.00494125777470629,0,0.000886892421101129,0,0,0,0,0,0,0,0,0
79,0,0,0.0193097280377251,0.00239169613940946,0,0.0143908288954836,0.00323861403580091,0,0,0,0,0.0277247042562706,0,0,0,0,0,0,0,0,0,0,0,0,0,0,0,0,0.0053796224778785,0,0,0,0,0,0,0,0.00663983630770898,0,0,0,0,0,0,0,0,0,0,0,0,0,0,0,0,0,0,0.00934997357616163,0,0.000474274021979213,0,0,0.00164640839058498,0,0,0,0.000643657601257504,0,0.0506795669200645,0,0,0,0,0,0,0,0,0.000623331571744109,0.00193774814694364,0,0.000521701424177135,0,0,0,0,0.000115180833909237,0,6.77534317113162e-06,0,0
80,0,0,0,0.0029042024549972,0,0,0.047191233093099,0,0,0,0,0.00561095205186428,0,0,0,0,0,0,0,0,0,0,0,0,0,0,0,0,0.0163309968078455,0,0,0,0.00123408036331326,0,0,0,0.0201566459341166,0,0,0,0,0,0,0.000312633692039359,0,0,0,0,0,0,0,0,0.00146444203113173,0.00367755948267351,0,0.00567676967124099,0,0,0,0,0,0,0,0,0,0,0.0230773027939579,0.000674630598611248,0,0,0,0,0,0,0,0,0,0,0.000633494586500806,0,0,0,0,0,0.00822720242208839,0,0,0
81,0,0.000440397306123555,0.0354011680691627,0.00239169613940946,0,0,0.00647722807160183,0,0,0,0,0.0323454882989823,0,0,0,0,0,0,0,0.00140927137959538,0,0,0,0,0,8.8079461224711e-05,0,0,0.0053796224778785,0,0,0,0,0,0,0,0.00165995907692725,0,0,0,0,0,0,0,0,0,0,0,0,0,0,0,0.00120601108446143,0,0,0.00701248018212122,0,0.00071141103296882,0.00016938357927829,0.00365868531241107,0,0,0,0,0.000643657601257504,0,0.00633494586500806,0,0,0,0,0,0,0,0,0,0,0,0,3.38767158556581e-05,0,0,0,0,0,0,0,0
82,0,0,0.00455924134224065,0.00338823619749674,0,0.0101935038009675,0,0,0,0,0,0.019638332181525,0,0,0,0,0,0,0,0,0,0,0,0,0,0,0,0,0,0,0,0,0,0,0,0,0.0023516086923136,0,0,0,0,0,0,0.000182369653689626,0,0.000307148890424633,0,0,0,0,0,0,0.00512554710896107,0,0,0.00662289794978116,0,0,0,0,0.000777470628887353,0,0,0,0,0,0.035898026568379,0,0,0,0,0,0,0,0,0.000883053059970821,0,0,0,0,0,0,0,0,0,0,0,0
83,0,0,0.0195396057524599,0.0029042024549972,0,0,0.00393260275775825,0,0,0,0,0.0448876164149143,0,0,0,0,0,0.000189225655708033,0,0.00171125810379439,0,0,0,0,0,0,0,0,0,0,0,0,0.00123408036331326,0,0,0,0,0,0,0,0,0,0,0,0,0,0,0,0,0,0,0,0,0,0,0.00851515450686149,0,0,0,0.00148089643597591,0.00066640339618916,0,0,0,0,0,0.0307697370586106,0,0,0,0,0,0,0,0.000115180833909237,0.00151380524566426,0.00235297989271728,0,0,0,0,0,0,0,0,0,0,0
84,0,0,0.0132060783706281,0.00140202877137796,0,0.0126540047184424,0.0493609449594484,0.00285966208326383,0,0,0,0.0108349418932552,0,0,0,6.35480462947517e-05,0,0,0,0,0,0,0,0,0,0,0,0,0.00946071539213116,0,0.000142983104163191,0,0,0,0,0.000293909714113227,0.00291923837666516,0,0,0,4.76610347210638e-05,0,0,0,0,0.000127096092589503,0,0,0,0,0,0,0,0.0023671647244795,0,0.00411076424469175,0,0.000139011351269769,0,0.00142983104163191,0,0.000488525605890904,0,1.98587644671099e-05,0.000377316524875088,0,0.0148543558213982,0.000325683737260603,0,3.97175289342198e-06,0,0,0,0,0,0.000365401266194822,0.00795144929263081,0,0.000611649945586985,0,0,3.97175289342198e-06,0.000675197991881737,6.75197991881737e-05,0,0,0,0
85,0,0.000249558473470015,0.00729478614758504,0.0216847116639791,0,0.0407740152038701,0.0440451508868924,0.00207325501036628,0,0,0,0.03142133149044,0,0,0.00011134147277893,0,0,0,0,0.00159717423020809,0,0,0,0,0,0,0,0,0.0259118482684481,0,0,0,0.00115180833909238,3.83936113030792e-06,0,0,0.00188128695385088,0,0,0,4.6072333563695e-05,0,0,7.29478614758504e-05,0,0,2.68755279121554e-05,0,0,0,0,0.000138217000691085,0.00205021884358443,0.00057206480841588,0,0.00927205712969362,0,0,9.59840282576979e-05,0.00207325501036628,0.000621976503109882,0.00236120709513937,0,0,0,0,0.140002303616678,0.000314827612685249,0,0,0,0,0,0,0,0,0.0120786301159487,0,0.00029563080703371,0,0,0,0,6.52691392152346e-05,0.119020195039545,0,0,0
61,0,0.000277287192744461,0.00607898845632087,0.0286117723344169,0,0,0.0101956367793732,0.0046072333563695,0,0,0,0.0436407381811667,5.54574385488921e-05,0,0.000247425495064288,0,0,0,0,0.00266195705034682,0,0,0,0,0,0,0,0,0.00846792427073468,0,0,0,0.00255957408687194,0,0,0,0.00731611593164231,0,0,0,0,0.00223962732601295,0,8.10531794176116e-05,0,0,0,0,0,0,0,0.000307148890424633,0.000759340312438677,0.000635627564906533,4.26595681145324e-06,0.00883053059970821,0,0,0,0.00383936113030792,0,0.0115436791317925,0,0,0,0,0.19544481131673,0.000699616917078331,0,0,0,0,0,0,2.98616976801727e-05,0.000392468026653698,0.00732038188845376,0,0,0,0,0,0.0014504253158941,0,0,0,0,0
